match_id,inning,batting_team,bowling_team,over,ball,batter,bowler,non_striker,batsman_runs,extra_runs,total_runs,extras_type,is_wicket,player_dismissed,dismissal_kind,fielder
335982,1,Kolkata Knight Riders,Royal Challengers Bangalore,0,1,SC Ganguly,P Kumar,BB McCullum,0,1,1,legbyes,0,,,
335982,1,Kolkata Knight Riders,Royal Challengers Bangalore,0,2,BB McCullum,P Kumar,SC Ganguly,0,0,0,,0,,,
335982,1,Kolkata Knight Riders,Royal Challengers Bangalore,0,3,BB McCullum,P Kumar,SC Ganguly,0,1,1,wides,0,,,
335982,1,Kolkata Knight Riders,Royal Challengers Bangalore,0,4,BB McCullum,P Kumar,SC Ganguly,0,0,0,,0,,,
335982,1,Kolkata Knight Riders,Royal Challengers Bangalore,0,5,BB McCullum,P Kumar,SC Ganguly,0,0,0,,0,,,
335982,1,Kolkata Knight Riders,Royal Challengers Bangalore,0,6,BB McCullum,P Kumar,SC Ganguly,0,0,0,,0,,,
335982,1,Kolkata Knight Riders,Royal Challengers Bangalore,0,7,BB McCullum,P Kumar,SC Ganguly,0,1,1,legbyes,0,,,
335982,1,Kolkata Knight Riders,Royal Challengers Bangalore,1,1,BB McCullum,Z Khan,SC Ganguly,0,0,0,,0,,,
335982,1,Kolkata Knight Riders,Royal Challengers Bangalore,1,2,BB McCullum,Z Khan,SC Ganguly,4,0,4,,0,,,
335982,1,Kolkata Knight Riders,Royal Challengers Bangalore,1,3,BB McCullum,Z Khan,SC Ganguly,4,0,4,,0,,,
335982,1,Kolkata Knight Riders,Royal Challengers Bangalore,1,4,BB McCullum,Z Khan,SC Ganguly,6,0,6,,0,,,
335982,1,Kolkata Knight Riders,Royal Challengers Bangalore,1,5,BB McCullum,Z Khan,SC Ganguly,4,0,4,,0,,,
335982,1,Kolkata Knight Riders,Royal Challengers Bangalore,1,6,BB McCullum,Z Khan,SC Ganguly,0,0,0,,0,,,
335982,1,Kolkata Knight Riders,Royal Challengers Bangalore,2,1,SC Ganguly,P Kumar,BB McCullum,0,0,0,,0,,,
335982,1,Kolkata Knight Riders,Royal Challengers Bangalore,2,2,SC Ganguly,P Kumar,BB McCullum,0,0,0,,0,,,
335982,1,Kolkata Knight Riders,Royal Challengers Bangalore,2,3,SC Ganguly,P Kumar,BB McCullum,0,1,1,legbyes,0,,,
335982,1,Kolkata Knight Riders,Royal Challengers Bangalore,2,4,BB McCullum,P Kumar,SC Ganguly,4,0,4,,0,,,
335982,1,Kolkata Knight Riders,Royal Challengers Bangalore,2,5,BB McCullum,P Kumar,SC Ganguly,1,0,1,,0,,,
335982,1,Kolkata Knight Riders,Royal Challengers Bangalore,2,6,SC Ganguly,P Kumar,BB McCullum,0,0,0,,0,,,
335982,1,Kolkata Knight Riders,Royal Challengers Bangalore,3,1,BB McCullum,AA Noffke,SC Ganguly,0,5,5,wides,0,,,
335982,1,Kolkata Knight Riders,Royal Challengers Bangalore,3,2,BB McCullum,AA Noffke,SC Ganguly,6,0,6,,0,,,
335982,1,Kolkata Knight Riders,Royal Challengers Bangalore,3,3,BB McCullum,AA Noffke,SC Ganguly,0,1,1,legbyes,0,,,
335982,1,Kolkata Knight Riders,Royal Challengers Bangalore,3,4,SC Ganguly,AA Noffke,BB McCullum,4,0,4,,0,,,
335982,1,Kolkata Knight Riders,Royal Challengers Bangalore,3,5,SC Ganguly,AA Noffke,BB McCullum,0,0,0,,0,,,
335982,1,Kolkata Knight Riders,Royal Challengers Bangalore,3,6,SC Ganguly,AA Noffke,BB McCullum,1,0,1,,0,,,
335982,1,Kolkata Knight Riders,Royal Challengers Bangalore,3,7,BB McCullum,AA Noffke,SC Ganguly,6,0,6,,0,,,
335982,1,Kolkata Knight Riders,Royal Challengers Bangalore,4,1,SC Ganguly,P Kumar,BB McCullum,4,0,4,,0,,,
335982,1,Kolkata Knight Riders,Royal Challengers Bangalore,4,2,SC Ganguly,P Kumar,BB McCullum,1,0,1,,0,,,
335982,1,Kolkata Knight Riders,Royal Challengers Bangalore,4,3,BB McCullum,P Kumar,SC Ganguly,4,0,4,,0,,,
335982,1,Kolkata Knight Riders,Royal Challengers Bangalore,4,4,BB McCullum,P Kumar,SC Ganguly,0,0,0,,0,,,
335982,1,Kolkata Knight Riders,Royal Challengers Bangalore,4,5,BB McCullum,P Kumar,SC Ganguly,1,0,1,,0,,,
335982,1,Kolkata Knight Riders,Royal Challengers Bangalore,4,6,SC Ganguly,P Kumar,BB McCullum,0,0,0,,0,,,
335982,1,Kolkata Knight Riders,Royal Challengers Bangalore,5,1,BB McCullum,Z Khan,SC Ganguly,1,0,1,,0,,,
335982,1,Kolkata Knight Riders,Royal Challengers Bangalore,5,2,SC Ganguly,Z Khan,BB McCullum,0,0,0,,1,SC Ganguly,caught,JH Kallis
335982,1,Kolkata Knight Riders,Royal Challengers Bangalore,5,3,RT Ponting,Z Khan,BB McCullum,0,0,0,,0,,,
335982,1,Kolkata Knight Riders,Royal Challengers Bangalore,5,4,RT Ponting,Z Khan,BB McCullum,0,0,0,,0,,,
335982,1,Kolkata Knight Riders,Royal Challengers Bangalore,5,5,RT Ponting,Z Khan,BB McCullum,0,0,0,,0,,,
335982,1,Kolkata Knight Riders,Royal Challengers Bangalore,5,6,RT Ponting,Z Khan,BB McCullum,0,0,0,,0,,,
335982,1,Kolkata Knight Riders,Royal Challengers Bangalore,6,1,BB McCullum,AA Noffke,RT Ponting,1,0,1,,0,,,
335982,1,Kolkata Knight Riders,Royal Challengers Bangalore,6,2,RT Ponting,AA Noffke,BB McCullum,1,0,1,,0,,,
335982,1,Kolkata Knight Riders,Royal Challengers Bangalore,6,3,BB McCullum,AA Noffke,RT Ponting,1,0,1,,0,,,
335982,1,Kolkata Knight Riders,Royal Challengers Bangalore,6,4,RT Ponting,AA Noffke,BB McCullum,2,0,2,,0,,,
335982,1,Kolkata Knight Riders,Royal Challengers Bangalore,6,5,RT Ponting,AA Noffke,BB McCullum,1,0,1,,0,,,
335982,1,Kolkata Knight Riders,Royal Challengers Bangalore,6,6,BB McCullum,AA Noffke,RT Ponting,1,0,1,,0,,,
335982,1,Kolkata Knight Riders,Royal Challengers Bangalore,7,1,BB McCullum,Z Khan,RT Ponting,0,0,0,,0,,,
335982,1,Kolkata Knight Riders,Royal Challengers Bangalore,7,2,BB McCullum,Z Khan,RT Ponting,1,0,1,,0,,,
335982,1,Kolkata Knight Riders,Royal Challengers Bangalore,7,3,RT Ponting,Z Khan,BB McCullum,1,0,1,,0,,,
335982,1,Kolkata Knight Riders,Royal Challengers Bangalore,7,4,BB McCullum,Z Khan,RT Ponting,1,0,1,,0,,,
335982,1,Kolkata Knight Riders,Royal Challengers Bangalore,7,5,RT Ponting,Z Khan,BB McCullum,1,0,1,,0,,,
335982,1,Kolkata Knight Riders,Royal Challengers Bangalore,7,6,BB McCullum,Z Khan,RT Ponting,1,0,1,,0,,,
335982,1,Kolkata Knight Riders,Royal Challengers Bangalore,8,1,BB McCullum,JH Kallis,RT Ponting,0,0,0,,0,,,
335982,1,Kolkata Knight Riders,Royal Challengers Bangalore,8,2,BB McCullum,JH Kallis,RT Ponting,0,0,0,,0,,,
335982,1,Kolkata Knight Riders,Royal Challengers Bangalore,8,3,BB McCullum,JH Kallis,RT Ponting,0,0,0,,0,,,
335982,1,Kolkata Knight Riders,Royal Challengers Bangalore,8,4,BB McCullum,JH Kallis,RT Ponting,1,0,1,,0,,,
335982,1,Kolkata Knight Riders,Royal Challengers Bangalore,8,5,RT Ponting,JH Kallis,BB McCullum,1,0,1,,0,,,
335982,1,Kolkata Knight Riders,Royal Challengers Bangalore,8,6,BB McCullum,JH Kallis,RT Ponting,2,0,2,,0,,,
335982,1,Kolkata Knight Riders,Royal Challengers Bangalore,9,1,RT Ponting,SB Joshi,BB McCullum,1,0,1,,0,,,
335982,1,Kolkata Knight Riders,Royal Challengers Bangalore,9,2,BB McCullum,SB Joshi,RT Ponting,1,0,1,,0,,,
335982,1,Kolkata Knight Riders,Royal Challengers Bangalore,9,3,RT Ponting,SB Joshi,BB McCullum,1,0,1,,0,,,
335982,1,Kolkata Knight Riders,Royal Challengers Bangalore,9,4,BB McCullum,SB Joshi,RT Ponting,0,0,0,,0,,,
335982,1,Kolkata Knight Riders,Royal Challengers Bangalore,9,5,BB McCullum,SB Joshi,RT Ponting,6,0,6,,0,,,
335982,1,Kolkata Knight Riders,Royal Challengers Bangalore,9,6,BB McCullum,SB Joshi,RT Ponting,1,0,1,,0,,,
335982,1,Kolkata Knight Riders,Royal Challengers Bangalore,10,1,BB McCullum,JH Kallis,RT Ponting,1,0,1,,0,,,
335982,1,Kolkata Knight Riders,Royal Challengers Bangalore,10,2,RT Ponting,JH Kallis,BB McCullum,4,0,4,,0,,,
335982,1,Kolkata Knight Riders,Royal Challengers Bangalore,10,3,RT Ponting,JH Kallis,BB McCullum,0,0,0,,0,,,
335982,1,Kolkata Knight Riders,Royal Challengers Bangalore,10,4,RT Ponting,JH Kallis,BB McCullum,6,0,6,,0,,,
335982,1,Kolkata Knight Riders,Royal Challengers Bangalore,10,5,RT Ponting,JH Kallis,BB McCullum,0,0,0,,0,,,
335982,1,Kolkata Knight Riders,Royal Challengers Bangalore,10,6,RT Ponting,JH Kallis,BB McCullum,0,4,4,byes,0,,,
335982,1,Kolkata Knight Riders,Royal Challengers Bangalore,11,1,BB McCullum,SB Joshi,RT Ponting,0,0,0,,0,,,
335982,1,Kolkata Knight Riders,Royal Challengers Bangalore,11,2,BB McCullum,SB Joshi,RT Ponting,6,0,6,,0,,,
335982,1,Kolkata Knight Riders,Royal Challengers Bangalore,11,3,BB McCullum,SB Joshi,RT Ponting,2,0,2,,0,,,
335982,1,Kolkata Knight Riders,Royal Challengers Bangalore,11,4,BB McCullum,SB Joshi,RT Ponting,1,0,1,,0,,,
335982,1,Kolkata Knight Riders,Royal Challengers Bangalore,11,5,RT Ponting,SB Joshi,BB McCullum,0,0,0,,0,,,
335982,1,Kolkata Knight Riders,Royal Challengers Bangalore,11,6,RT Ponting,SB Joshi,BB McCullum,1,0,1,,0,,,
335982,1,Kolkata Knight Riders,Royal Challengers Bangalore,12,1,RT Ponting,JH Kallis,BB McCullum,0,0,0,,1,RT Ponting,caught,P Kumar
335982,1,Kolkata Knight Riders,Royal Challengers Bangalore,12,2,BB McCullum,JH Kallis,DJ Hussey,4,0,4,,0,,,
335982,1,Kolkata Knight Riders,Royal Challengers Bangalore,12,3,BB McCullum,JH Kallis,DJ Hussey,0,0,0,,0,,,
335982,1,Kolkata Knight Riders,Royal Challengers Bangalore,12,4,BB McCullum,JH Kallis,DJ Hussey,2,0,2,,0,,,
335982,1,Kolkata Knight Riders,Royal Challengers Bangalore,12,5,BB McCullum,JH Kallis,DJ Hussey,0,1,1,wides,0,,,
335982,1,Kolkata Knight Riders,Royal Challengers Bangalore,12,6,BB McCullum,JH Kallis,DJ Hussey,4,0,4,,0,,,
335982,1,Kolkata Knight Riders,Royal Challengers Bangalore,12,7,BB McCullum,JH Kallis,DJ Hussey,1,0,1,,0,,,
335982,1,Kolkata Knight Riders,Royal Challengers Bangalore,13,1,BB McCullum,SB Joshi,DJ Hussey,1,0,1,,0,,,
335982,1,Kolkata Knight Riders,Royal Challengers Bangalore,13,2,DJ Hussey,SB Joshi,BB McCullum,0,0,0,,0,,,
335982,1,Kolkata Knight Riders,Royal Challengers Bangalore,13,3,DJ Hussey,SB Joshi,BB McCullum,1,0,1,,0,,,
335982,1,Kolkata Knight Riders,Royal Challengers Bangalore,13,4,BB McCullum,SB Joshi,DJ Hussey,1,0,1,,0,,,
335982,1,Kolkata Knight Riders,Royal Challengers Bangalore,13,5,DJ Hussey,SB Joshi,BB McCullum,1,0,1,,0,,,
335982,1,Kolkata Knight Riders,Royal Challengers Bangalore,13,6,BB McCullum,SB Joshi,DJ Hussey,2,0,2,,0,,,
335982,1,Kolkata Knight Riders,Royal Challengers Bangalore,14,1,DJ Hussey,CL White,BB McCullum,4,0,4,,0,,,
335982,1,Kolkata Knight Riders,Royal Challengers Bangalore,14,2,DJ Hussey,CL White,BB McCullum,1,0,1,,0,,,
335982,1,Kolkata Knight Riders,Royal Challengers Bangalore,14,3,BB McCullum,CL White,DJ Hussey,6,0,6,,0,,,
335982,1,Kolkata Knight Riders,Royal Challengers Bangalore,14,4,BB McCullum,CL White,DJ Hussey,4,0,4,,0,,,
335982,1,Kolkata Knight Riders,Royal Challengers Bangalore,14,5,BB McCullum,CL White,DJ Hussey,0,2,2,wides,0,,,
335982,1,Kolkata Knight Riders,Royal Challengers Bangalore,14,6,DJ Hussey,CL White,BB McCullum,1,0,1,,0,,,
335982,1,Kolkata Knight Riders,Royal Challengers Bangalore,14,7,BB McCullum,CL White,DJ Hussey,6,0,6,,0,,,
335982,1,Kolkata Knight Riders,Royal Challengers Bangalore,15,1,DJ Hussey,AA Noffke,BB McCullum,0,0,0,,0,,,
335982,1,Kolkata Knight Riders,Royal Challengers Bangalore,15,2,DJ Hussey,AA Noffke,BB McCullum,1,0,1,,0,,,
335982,1,Kolkata Knight Riders,Royal Challengers Bangalore,15,3,BB McCullum,AA Noffke,DJ Hussey,2,0,2,,0,,,
335982,1,Kolkata Knight Riders,Royal Challengers Bangalore,15,4,BB McCullum,AA Noffke,DJ Hussey,0,0,0,,0,,,
335982,1,Kolkata Knight Riders,Royal Challengers Bangalore,15,5,BB McCullum,AA Noffke,DJ Hussey,1,0,1,,0,,,
335982,1,Kolkata Knight Riders,Royal Challengers Bangalore,15,6,DJ Hussey,AA Noffke,BB McCullum,0,0,0,,0,,,
335982,1,Kolkata Knight Riders,Royal Challengers Bangalore,16,1,BB McCullum,Z Khan,DJ Hussey,1,0,1,,0,,,
335982,1,Kolkata Knight Riders,Royal Challengers Bangalore,16,2,DJ Hussey,Z Khan,BB McCullum,2,0,2,,0,,,
335982,1,Kolkata Knight Riders,Royal Challengers Bangalore,16,3,DJ Hussey,Z Khan,BB McCullum,1,0,1,,0,,,
335982,1,Kolkata Knight Riders,Royal Challengers Bangalore,16,4,BB McCullum,Z Khan,DJ Hussey,6,0,6,,0,,,
335982,1,Kolkata Knight Riders,Royal Challengers Bangalore,16,5,BB McCullum,Z Khan,DJ Hussey,2,0,2,,0,,,
335982,1,Kolkata Knight Riders,Royal Challengers Bangalore,16,6,BB McCullum,Z Khan,DJ Hussey,2,0,2,,0,,,
335982,1,Kolkata Knight Riders,Royal Challengers Bangalore,17,1,DJ Hussey,AA Noffke,BB McCullum,0,0,0,,1,DJ Hussey,caught,CL White
335982,1,Kolkata Knight Riders,Royal Challengers Bangalore,17,2,BB McCullum,AA Noffke,Mohammad Hafeez,1,0,1,,0,,,
335982,1,Kolkata Knight Riders,Royal Challengers Bangalore,17,3,Mohammad Hafeez,AA Noffke,BB McCullum,0,0,0,,0,,,
335982,1,Kolkata Knight Riders,Royal Challengers Bangalore,17,4,Mohammad Hafeez,AA Noffke,BB McCullum,1,0,1,,0,,,
335982,1,Kolkata Knight Riders,Royal Challengers Bangalore,17,5,BB McCullum,AA Noffke,Mohammad Hafeez,4,0,4,,0,,,
335982,1,Kolkata Knight Riders,Royal Challengers Bangalore,17,6,BB McCullum,AA Noffke,Mohammad Hafeez,1,0,1,,0,,,
335982,1,Kolkata Knight Riders,Royal Challengers Bangalore,18,1,BB McCullum,JH Kallis,Mohammad Hafeez,6,0,6,,0,,,
335982,1,Kolkata Knight Riders,Royal Challengers Bangalore,18,2,BB McCullum,JH Kallis,Mohammad Hafeez,0,0,0,,0,,,
335982,1,Kolkata Knight Riders,Royal Challengers Bangalore,18,3,BB McCullum,JH Kallis,Mohammad Hafeez,6,0,6,,0,,,
335982,1,Kolkata Knight Riders,Royal Challengers Bangalore,18,4,BB McCullum,JH Kallis,Mohammad Hafeez,4,0,4,,0,,,
335982,1,Kolkata Knight Riders,Royal Challengers Bangalore,18,5,BB McCullum,JH Kallis,Mohammad Hafeez,1,0,1,,0,,,
335982,1,Kolkata Knight Riders,Royal Challengers Bangalore,18,6,Mohammad Hafeez,JH Kallis,BB McCullum,4,0,4,,0,,,
335982,1,Kolkata Knight Riders,Royal Challengers Bangalore,19,1,BB McCullum,P Kumar,Mohammad Hafeez,6,0,6,,0,,,
335982,1,Kolkata Knight Riders,Royal Challengers Bangalore,19,2,BB McCullum,P Kumar,Mohammad Hafeez,6,0,6,,0,,,
335982,1,Kolkata Knight Riders,Royal Challengers Bangalore,19,3,BB McCullum,P Kumar,Mohammad Hafeez,2,0,2,,0,,,
335982,1,Kolkata Knight Riders,Royal Challengers Bangalore,19,4,BB McCullum,P Kumar,Mohammad Hafeez,0,0,0,,0,,,
335982,1,Kolkata Knight Riders,Royal Challengers Bangalore,19,5,BB McCullum,P Kumar,Mohammad Hafeez,2,0,2,,0,,,
335982,1,Kolkata Knight Riders,Royal Challengers Bangalore,19,6,BB McCullum,P Kumar,Mohammad Hafeez,6,0,6,,0,,,
335982,2,Royal Challengers Bangalore,Kolkata Knight Riders,0,1,R Dravid,AB Dinda,W Jaffer,1,0,1,,0,,,
335982,2,Royal Challengers Bangalore,Kolkata Knight Riders,0,2,W Jaffer,AB Dinda,R Dravid,0,1,1,wides,0,,,
335982,2,Royal Challengers Bangalore,Kolkata Knight Riders,0,3,W Jaffer,AB Dinda,R Dravid,0,0,0,,0,,,
335982,2,Royal Challengers Bangalore,Kolkata Knight Riders,0,4,W Jaffer,AB Dinda,R Dravid,1,0,1,,0,,,
335982,2,Royal Challengers Bangalore,Kolkata Knight Riders,0,5,R Dravid,AB Dinda,W Jaffer,1,0,1,,0,,,
335982,2,Royal Challengers Bangalore,Kolkata Knight Riders,0,6,W Jaffer,AB Dinda,R Dravid,0,0,0,,0,,,
335982,2,Royal Challengers Bangalore,Kolkata Knight Riders,0,7,W Jaffer,AB Dinda,R Dravid,0,0,0,,0,,,
335982,2,Royal Challengers Bangalore,Kolkata Knight Riders,1,1,R Dravid,I Sharma,W Jaffer,0,0,0,,1,R Dravid,bowled,
335982,2,Royal Challengers Bangalore,Kolkata Knight Riders,1,2,V Kohli,I Sharma,W Jaffer,0,0,0,,0,,,
335982,2,Royal Challengers Bangalore,Kolkata Knight Riders,1,3,V Kohli,I Sharma,W Jaffer,0,4,4,legbyes,0,,,
335982,2,Royal Challengers Bangalore,Kolkata Knight Riders,1,4,V Kohli,I Sharma,W Jaffer,1,0,1,,0,,,
335982,2,Royal Challengers Bangalore,Kolkata Knight Riders,1,5,W Jaffer,I Sharma,V Kohli,0,0,0,,0,,,
335982,2,Royal Challengers Bangalore,Kolkata Knight Riders,1,6,W Jaffer,I Sharma,V Kohli,0,0,0,,0,,,
335982,2,Royal Challengers Bangalore,Kolkata Knight Riders,2,1,V Kohli,AB Dinda,W Jaffer,0,0,0,,0,,,
335982,2,Royal Challengers Bangalore,Kolkata Knight Riders,2,2,V Kohli,AB Dinda,W Jaffer,0,0,0,,1,V Kohli,bowled,
335982,2,Royal Challengers Bangalore,Kolkata Knight Riders,2,3,JH Kallis,AB Dinda,W Jaffer,1,0,1,,0,,,
335982,2,Royal Challengers Bangalore,Kolkata Knight Riders,2,4,W Jaffer,AB Dinda,JH Kallis,0,0,0,,0,,,
335982,2,Royal Challengers Bangalore,Kolkata Knight Riders,2,5,W Jaffer,AB Dinda,JH Kallis,0,1,1,wides,0,,,
335982,2,Royal Challengers Bangalore,Kolkata Knight Riders,2,6,W Jaffer,AB Dinda,JH Kallis,0,0,0,,0,,,
335982,2,Royal Challengers Bangalore,Kolkata Knight Riders,2,7,W Jaffer,AB Dinda,JH Kallis,1,0,1,,0,,,
335982,2,Royal Challengers Bangalore,Kolkata Knight Riders,3,1,W Jaffer,I Sharma,JH Kallis,2,0,2,,0,,,
335982,2,Royal Challengers Bangalore,Kolkata Knight Riders,3,2,W Jaffer,I Sharma,JH Kallis,1,0,1,,0,,,
335982,2,Royal Challengers Bangalore,Kolkata Knight Riders,3,3,JH Kallis,I Sharma,W Jaffer,0,0,0,,0,,,
335982,2,Royal Challengers Bangalore,Kolkata Knight Riders,3,4,JH Kallis,I Sharma,W Jaffer,0,1,1,legbyes,0,,,
335982,2,Royal Challengers Bangalore,Kolkata Knight Riders,3,5,W Jaffer,I Sharma,JH Kallis,0,0,0,,0,,,
335982,2,Royal Challengers Bangalore,Kolkata Knight Riders,3,6,W Jaffer,I Sharma,JH Kallis,0,0,0,,0,,,
335982,2,Royal Challengers Bangalore,Kolkata Knight Riders,4,1,JH Kallis,AB Agarkar,W Jaffer,1,0,1,,0,,,
335982,2,Royal Challengers Bangalore,Kolkata Knight Riders,4,2,W Jaffer,AB Agarkar,JH Kallis,1,0,1,,0,,,
335982,2,Royal Challengers Bangalore,Kolkata Knight Riders,4,3,JH Kallis,AB Agarkar,W Jaffer,0,0,0,,0,,,
335982,2,Royal Challengers Bangalore,Kolkata Knight Riders,4,4,JH Kallis,AB Agarkar,W Jaffer,6,0,6,,0,,,
335982,2,Royal Challengers Bangalore,Kolkata Knight Riders,4,5,JH Kallis,AB Agarkar,W Jaffer,0,0,0,,1,JH Kallis,caught,M Kartik
335982,2,Royal Challengers Bangalore,Kolkata Knight Riders,4,6,CL White,AB Agarkar,W Jaffer,0,0,0,,0,,,
335982,2,Royal Challengers Bangalore,Kolkata Knight Riders,5,1,W Jaffer,AB Dinda,CL White,0,0,0,,0,,,
335982,2,Royal Challengers Bangalore,Kolkata Knight Riders,5,2,W Jaffer,AB Dinda,CL White,0,0,0,,1,W Jaffer,caught,RT Ponting
335982,2,Royal Challengers Bangalore,Kolkata Knight Riders,5,3,MV Boucher,AB Dinda,CL White,0,0,0,,0,,,
335982,2,Royal Challengers Bangalore,Kolkata Knight Riders,5,4,MV Boucher,AB Dinda,CL White,1,0,1,,0,,,
335982,2,Royal Challengers Bangalore,Kolkata Knight Riders,5,5,CL White,AB Dinda,MV Boucher,1,0,1,,0,,,
335982,2,Royal Challengers Bangalore,Kolkata Knight Riders,5,6,MV Boucher,AB Dinda,CL White,0,0,0,,0,,,
335982,2,Royal Challengers Bangalore,Kolkata Knight Riders,6,1,CL White,AB Agarkar,MV Boucher,0,0,0,,0,,,
335982,2,Royal Challengers Bangalore,Kolkata Knight Riders,6,2,CL White,AB Agarkar,MV Boucher,0,0,0,,0,,,
335982,2,Royal Challengers Bangalore,Kolkata Knight Riders,6,3,CL White,AB Agarkar,MV Boucher,1,0,1,,0,,,
335982,2,Royal Challengers Bangalore,Kolkata Knight Riders,6,4,MV Boucher,AB Agarkar,CL White,0,1,1,wides,0,,,
335982,2,Royal Challengers Bangalore,Kolkata Knight Riders,6,5,MV Boucher,AB Agarkar,CL White,0,1,1,wides,0,,,
335982,2,Royal Challengers Bangalore,Kolkata Knight Riders,6,6,MV Boucher,AB Agarkar,CL White,0,0,0,,0,,,
335982,2,Royal Challengers Bangalore,Kolkata Knight Riders,6,7,MV Boucher,AB Agarkar,CL White,0,0,0,,0,,,
335982,2,Royal Challengers Bangalore,Kolkata Knight Riders,6,8,MV Boucher,AB Agarkar,CL White,4,0,4,,0,,,
335982,2,Royal Challengers Bangalore,Kolkata Knight Riders,7,1,CL White,SC Ganguly,MV Boucher,1,0,1,,0,,,
335982,2,Royal Challengers Bangalore,Kolkata Knight Riders,7,2,MV Boucher,SC Ganguly,CL White,0,1,1,legbyes,0,,,
335982,2,Royal Challengers Bangalore,Kolkata Knight Riders,7,3,CL White,SC Ganguly,MV Boucher,1,0,1,,0,,,
335982,2,Royal Challengers Bangalore,Kolkata Knight Riders,7,4,MV Boucher,SC Ganguly,CL White,2,0,2,,0,,,
335982,2,Royal Challengers Bangalore,Kolkata Knight Riders,7,5,MV Boucher,SC Ganguly,CL White,0,0,0,,1,MV Boucher,caught,M Kartik
335982,2,Royal Challengers Bangalore,Kolkata Knight Riders,7,6,CL White,SC Ganguly,B Akhil,0,0,0,,0,,,
335982,2,Royal Challengers Bangalore,Kolkata Knight Riders,8,1,B Akhil,AB Agarkar,CL White,0,0,0,,0,,,
335982,2,Royal Challengers Bangalore,Kolkata Knight Riders,8,2,B Akhil,AB Agarkar,CL White,0,0,0,,1,B Akhil,caught,RT Ponting
335982,2,Royal Challengers Bangalore,Kolkata Knight Riders,8,3,AA Noffke,AB Agarkar,CL White,0,0,0,,0,,,
335982,2,Royal Challengers Bangalore,Kolkata Knight Riders,8,4,AA Noffke,AB Agarkar,CL White,0,1,1,wides,0,,,
335982,2,Royal Challengers Bangalore,Kolkata Knight Riders,8,5,AA Noffke,AB Agarkar,CL White,0,1,1,wides,0,,,
335982,2,Royal Challengers Bangalore,Kolkata Knight Riders,8,6,AA Noffke,AB Agarkar,CL White,1,0,1,,0,,,
335982,2,Royal Challengers Bangalore,Kolkata Knight Riders,8,7,CL White,AB Agarkar,AA Noffke,2,0,2,,0,,,
335982,2,Royal Challengers Bangalore,Kolkata Knight Riders,8,8,CL White,AB Agarkar,AA Noffke,0,0,0,,1,CL White,caught,WP Saha
335982,2,Royal Challengers Bangalore,Kolkata Knight Riders,9,1,AA Noffke,SC Ganguly,P Kumar,1,0,1,,0,,,
335982,2,Royal Challengers Bangalore,Kolkata Knight Riders,9,2,P Kumar,SC Ganguly,AA Noffke,0,0,0,,0,,,
335982,2,Royal Challengers Bangalore,Kolkata Knight Riders,9,3,P Kumar,SC Ganguly,AA Noffke,0,0,0,,0,,,
335982,2,Royal Challengers Bangalore,Kolkata Knight Riders,9,4,P Kumar,SC Ganguly,AA Noffke,0,1,1,wides,0,,,
335982,2,Royal Challengers Bangalore,Kolkata Knight Riders,9,5,P Kumar,SC Ganguly,AA Noffke,0,1,1,legbyes,0,,,
335982,2,Royal Challengers Bangalore,Kolkata Knight Riders,9,6,AA Noffke,SC Ganguly,P Kumar,4,0,4,,0,,,
335982,2,Royal Challengers Bangalore,Kolkata Knight Riders,9,7,AA Noffke,SC Ganguly,P Kumar,1,0,1,,0,,,
335982,2,Royal Challengers Bangalore,Kolkata Knight Riders,10,1,AA Noffke,AB Agarkar,P Kumar,0,0,0,,0,,,
335982,2,Royal Challengers Bangalore,Kolkata Knight Riders,10,2,AA Noffke,AB Agarkar,P Kumar,0,0,0,,0,,,
335982,2,Royal Challengers Bangalore,Kolkata Knight Riders,10,3,AA Noffke,AB Agarkar,P Kumar,0,0,0,,0,,,
335982,2,Royal Challengers Bangalore,Kolkata Knight Riders,10,4,AA Noffke,AB Agarkar,P Kumar,1,0,1,,0,,,
335982,2,Royal Challengers Bangalore,Kolkata Knight Riders,10,5,P Kumar,AB Agarkar,AA Noffke,4,0,4,,0,,,
335982,2,Royal Challengers Bangalore,Kolkata Knight Riders,10,6,P Kumar,AB Agarkar,AA Noffke,0,0,0,,0,,,
335982,2,Royal Challengers Bangalore,Kolkata Knight Riders,11,1,AA Noffke,SC Ganguly,P Kumar,1,0,1,,1,AA Noffke,run out,AB Agarkar
335982,2,Royal Challengers Bangalore,Kolkata Knight Riders,11,2,Z Khan,SC Ganguly,P Kumar,0,0,0,,0,,,
335982,2,Royal Challengers Bangalore,Kolkata Knight Riders,11,3,Z Khan,SC Ganguly,P Kumar,0,0,0,,0,,,
335982,2,Royal Challengers Bangalore,Kolkata Knight Riders,11,4,Z Khan,SC Ganguly,P Kumar,1,0,1,,0,,,
335982,2,Royal Challengers Bangalore,Kolkata Knight Riders,11,5,P Kumar,SC Ganguly,Z Khan,0,0,0,,0,,,
335982,2,Royal Challengers Bangalore,Kolkata Knight Riders,11,6,P Kumar,SC Ganguly,Z Khan,1,0,1,,0,,,
335982,2,Royal Challengers Bangalore,Kolkata Knight Riders,12,1,P Kumar,LR Shukla,Z Khan,6,0,6,,0,,,
335982,2,Royal Challengers Bangalore,Kolkata Knight Riders,12,2,P Kumar,LR Shukla,Z Khan,0,2,2,wides,0,,,
335982,2,Royal Challengers Bangalore,Kolkata Knight Riders,12,3,Z Khan,LR Shukla,P Kumar,1,0,1,,0,,,
335982,2,Royal Challengers Bangalore,Kolkata Knight Riders,12,4,P Kumar,LR Shukla,Z Khan,1,0,1,,0,,,
335982,2,Royal Challengers Bangalore,Kolkata Knight Riders,12,5,Z Khan,LR Shukla,P Kumar,0,0,0,,0,,,
335982,2,Royal Challengers Bangalore,Kolkata Knight Riders,12,6,Z Khan,LR Shukla,P Kumar,0,0,0,,0,,,
335982,2,Royal Challengers Bangalore,Kolkata Knight Riders,12,7,Z Khan,LR Shukla,P Kumar,1,0,1,,0,,,
335982,2,Royal Challengers Bangalore,Kolkata Knight Riders,13,1,Z Khan,SC Ganguly,P Kumar,0,0,0,,1,Z Khan,bowled,
335982,2,Royal Challengers Bangalore,Kolkata Knight Riders,13,2,SB Joshi,SC Ganguly,P Kumar,1,0,1,,0,,,
335982,2,Royal Challengers Bangalore,Kolkata Knight Riders,13,3,P Kumar,SC Ganguly,SB Joshi,0,0,0,,0,,,
335982,2,Royal Challengers Bangalore,Kolkata Knight Riders,13,4,P Kumar,SC Ganguly,SB Joshi,0,0,0,,0,,,
335982,2,Royal Challengers Bangalore,Kolkata Knight Riders,13,5,P Kumar,SC Ganguly,SB Joshi,0,0,0,,0,,,
335982,2,Royal Challengers Bangalore,Kolkata Knight Riders,13,6,P Kumar,SC Ganguly,SB Joshi,6,0,6,,0,,,
335982,2,Royal Challengers Bangalore,Kolkata Knight Riders,14,1,SB Joshi,I Sharma,P Kumar,0,1,1,wides,0,,,
335982,2,Royal Challengers Bangalore,Kolkata Knight Riders,14,2,SB Joshi,I Sharma,P Kumar,0,0,0,,0,,,
335982,2,Royal Challengers Bangalore,Kolkata Knight Riders,14,3,SB Joshi,I Sharma,P Kumar,0,0,0,,0,,,
335982,2,Royal Challengers Bangalore,Kolkata Knight Riders,14,4,SB Joshi,I Sharma,P Kumar,1,0,1,,0,,,
335982,2,Royal Challengers Bangalore,Kolkata Knight Riders,14,5,P Kumar,I Sharma,SB Joshi,0,1,1,legbyes,0,,,
335982,2,Royal Challengers Bangalore,Kolkata Knight Riders,14,6,SB Joshi,I Sharma,P Kumar,1,0,1,,0,,,
335982,2,Royal Challengers Bangalore,Kolkata Knight Riders,14,7,P Kumar,I Sharma,SB Joshi,0,0,0,,0,,,
335982,2,Royal Challengers Bangalore,Kolkata Knight Riders,15,1,SB Joshi,LR Shukla,P Kumar,0,1,1,wides,0,,,
335982,2,Royal Challengers Bangalore,Kolkata Knight Riders,15,2,SB Joshi,LR Shukla,P Kumar,0,0,0,,1,SB Joshi,caught,BB McCullum
335983,1,Chennai Super Kings,Kings XI Punjab,0,1,PA Patel,B Lee,ML Hayden,0,0,0,,0,,,
335983,1,Chennai Super Kings,Kings XI Punjab,0,2,PA Patel,B Lee,ML Hayden,0,0,0,,0,,,
335983,1,Chennai Super Kings,Kings XI Punjab,0,3,PA Patel,B Lee,ML Hayden,1,0,1,,0,,,
335983,1,Chennai Super Kings,Kings XI Punjab,0,4,ML Hayden,B Lee,PA Patel,0,0,0,,0,,,
335983,1,Chennai Super Kings,Kings XI Punjab,0,5,ML Hayden,B Lee,PA Patel,4,0,4,,0,,,
335983,1,Chennai Super Kings,Kings XI Punjab,0,6,ML Hayden,B Lee,PA Patel,0,0,0,,0,,,
335983,1,Chennai Super Kings,Kings XI Punjab,1,1,PA Patel,S Sreesanth,ML Hayden,4,0,4,,0,,,
335983,1,Chennai Super Kings,Kings XI Punjab,1,2,PA Patel,S Sreesanth,ML Hayden,4,0,4,,0,,,
335983,1,Chennai Super Kings,Kings XI Punjab,1,3,PA Patel,S Sreesanth,ML Hayden,4,0,4,,0,,,
335983,1,Chennai Super Kings,Kings XI Punjab,1,4,PA Patel,S Sreesanth,ML Hayden,2,0,2,,0,,,
335983,1,Chennai Super Kings,Kings XI Punjab,1,5,PA Patel,S Sreesanth,ML Hayden,0,1,1,wides,0,,,
335983,1,Chennai Super Kings,Kings XI Punjab,1,6,PA Patel,S Sreesanth,ML Hayden,0,0,0,,0,,,
335983,1,Chennai Super Kings,Kings XI Punjab,1,7,PA Patel,S Sreesanth,ML Hayden,0,0,0,,0,,,
335983,1,Chennai Super Kings,Kings XI Punjab,2,1,ML Hayden,B Lee,PA Patel,0,0,0,,0,,,
335983,1,Chennai Super Kings,Kings XI Punjab,2,2,ML Hayden,B Lee,PA Patel,4,1,5,noballs,0,,,
335983,1,Chennai Super Kings,Kings XI Punjab,2,3,ML Hayden,B Lee,PA Patel,0,0,0,,0,,,
335983,1,Chennai Super Kings,Kings XI Punjab,2,4,ML Hayden,B Lee,PA Patel,1,0,1,,0,,,
335983,1,Chennai Super Kings,Kings XI Punjab,2,5,PA Patel,B Lee,ML Hayden,0,0,0,,1,PA Patel,caught,KC Sangakkara
335983,1,Chennai Super Kings,Kings XI Punjab,2,6,MEK Hussey,B Lee,ML Hayden,1,0,1,,0,,,
335983,1,Chennai Super Kings,Kings XI Punjab,2,7,ML Hayden,B Lee,MEK Hussey,0,0,0,,0,,,
335983,1,Chennai Super Kings,Kings XI Punjab,3,1,MEK Hussey,S Sreesanth,ML Hayden,0,0,0,,0,,,
335983,1,Chennai Super Kings,Kings XI Punjab,3,2,MEK Hussey,S Sreesanth,ML Hayden,0,0,0,,0,,,
335983,1,Chennai Super Kings,Kings XI Punjab,3,3,MEK Hussey,S Sreesanth,ML Hayden,1,0,1,,0,,,
335983,1,Chennai Super Kings,Kings XI Punjab,3,4,ML Hayden,S Sreesanth,MEK Hussey,1,0,1,,0,,,
335983,1,Chennai Super Kings,Kings XI Punjab,3,5,MEK Hussey,S Sreesanth,ML Hayden,0,0,0,,0,,,
335983,1,Chennai Super Kings,Kings XI Punjab,3,6,MEK Hussey,S Sreesanth,ML Hayden,4,0,4,,0,,,
335983,1,Chennai Super Kings,Kings XI Punjab,4,1,ML Hayden,B Lee,MEK Hussey,0,0,0,,0,,,
335983,1,Chennai Super Kings,Kings XI Punjab,4,2,ML Hayden,B Lee,MEK Hussey,0,1,1,legbyes,0,,,
335983,1,Chennai Super Kings,Kings XI Punjab,4,3,MEK Hussey,B Lee,ML Hayden,4,0,4,,0,,,
335983,1,Chennai Super Kings,Kings XI Punjab,4,4,MEK Hussey,B Lee,ML Hayden,4,0,4,,0,,,
335983,1,Chennai Super Kings,Kings XI Punjab,4,5,MEK Hussey,B Lee,ML Hayden,0,0,0,,0,,,
335983,1,Chennai Super Kings,Kings XI Punjab,4,6,MEK Hussey,B Lee,ML Hayden,0,0,0,,0,,,
335983,1,Chennai Super Kings,Kings XI Punjab,5,1,ML Hayden,JR Hopes,MEK Hussey,4,0,4,,0,,,
335983,1,Chennai Super Kings,Kings XI Punjab,5,2,ML Hayden,JR Hopes,MEK Hussey,6,0,6,,0,,,
335983,1,Chennai Super Kings,Kings XI Punjab,5,3,ML Hayden,JR Hopes,MEK Hussey,0,0,0,,0,,,
335983,1,Chennai Super Kings,Kings XI Punjab,5,4,ML Hayden,JR Hopes,MEK Hussey,1,0,1,,0,,,
335983,1,Chennai Super Kings,Kings XI Punjab,5,5,MEK Hussey,JR Hopes,ML Hayden,0,0,0,,0,,,
335983,1,Chennai Super Kings,Kings XI Punjab,5,6,MEK Hussey,JR Hopes,ML Hayden,0,0,0,,0,,,
335983,1,Chennai Super Kings,Kings XI Punjab,6,1,ML Hayden,IK Pathan,MEK Hussey,4,0,4,,0,,,
335983,1,Chennai Super Kings,Kings XI Punjab,6,2,ML Hayden,IK Pathan,MEK Hussey,0,0,0,,1,ML Hayden,bowled,
335983,1,Chennai Super Kings,Kings XI Punjab,6,3,MS Dhoni,IK Pathan,MEK Hussey,1,0,1,,0,,,
335983,1,Chennai Super Kings,Kings XI Punjab,6,4,MEK Hussey,IK Pathan,MS Dhoni,2,0,2,,0,,,
335983,1,Chennai Super Kings,Kings XI Punjab,6,5,MEK Hussey,IK Pathan,MS Dhoni,1,0,1,,0,,,
335983,1,Chennai Super Kings,Kings XI Punjab,6,6,MS Dhoni,IK Pathan,MEK Hussey,1,0,1,,0,,,
335983,1,Chennai Super Kings,Kings XI Punjab,7,1,MS Dhoni,JR Hopes,MEK Hussey,0,0,0,,1,MS Dhoni,lbw,
335983,1,Chennai Super Kings,Kings XI Punjab,7,2,SK Raina,JR Hopes,MEK Hussey,1,0,1,,0,,,
335983,1,Chennai Super Kings,Kings XI Punjab,7,3,MEK Hussey,JR Hopes,SK Raina,0,0,0,,0,,,
335983,1,Chennai Super Kings,Kings XI Punjab,7,4,MEK Hussey,JR Hopes,SK Raina,1,0,1,,0,,,
335983,1,Chennai Super Kings,Kings XI Punjab,7,5,SK Raina,JR Hopes,MEK Hussey,6,0,6,,0,,,
335983,1,Chennai Super Kings,Kings XI Punjab,7,6,SK Raina,JR Hopes,MEK Hussey,0,0,0,,0,,,
335983,1,Chennai Super Kings,Kings XI Punjab,8,1,MEK Hussey,IK Pathan,SK Raina,1,0,1,,0,,,
335983,1,Chennai Super Kings,Kings XI Punjab,8,2,SK Raina,IK Pathan,MEK Hussey,4,0,4,,0,,,
335983,1,Chennai Super Kings,Kings XI Punjab,8,3,SK Raina,IK Pathan,MEK Hussey,1,0,1,,0,,,
335983,1,Chennai Super Kings,Kings XI Punjab,8,4,MEK Hussey,IK Pathan,SK Raina,0,0,0,,0,,,
335983,1,Chennai Super Kings,Kings XI Punjab,8,5,MEK Hussey,IK Pathan,SK Raina,6,0,6,,0,,,
335983,1,Chennai Super Kings,Kings XI Punjab,8,6,MEK Hussey,IK Pathan,SK Raina,1,0,1,,0,,,
335983,1,Chennai Super Kings,Kings XI Punjab,9,1,MEK Hussey,K Goel,SK Raina,2,0,2,,0,,,
335983,1,Chennai Super Kings,Kings XI Punjab,9,2,MEK Hussey,K Goel,SK Raina,1,0,1,,0,,,
335983,1,Chennai Super Kings,Kings XI Punjab,9,3,SK Raina,K Goel,MEK Hussey,1,0,1,,0,,,
335983,1,Chennai Super Kings,Kings XI Punjab,9,4,MEK Hussey,K Goel,SK Raina,0,0,0,,0,,,
335983,1,Chennai Super Kings,Kings XI Punjab,9,5,MEK Hussey,K Goel,SK Raina,0,0,0,,0,,,
335983,1,Chennai Super Kings,Kings XI Punjab,9,6,MEK Hussey,K Goel,SK Raina,1,0,1,,0,,,
335983,1,Chennai Super Kings,Kings XI Punjab,10,1,MEK Hussey,PP Chawla,SK Raina,6,0,6,,0,,,
335983,1,Chennai Super Kings,Kings XI Punjab,10,2,MEK Hussey,PP Chawla,SK Raina,1,0,1,,0,,,
335983,1,Chennai Super Kings,Kings XI Punjab,10,3,SK Raina,PP Chawla,MEK Hussey,2,0,2,,0,,,
335983,1,Chennai Super Kings,Kings XI Punjab,10,4,SK Raina,PP Chawla,MEK Hussey,0,0,0,,0,,,
335983,1,Chennai Super Kings,Kings XI Punjab,10,5,SK Raina,PP Chawla,MEK Hussey,6,0,6,,0,,,
335983,1,Chennai Super Kings,Kings XI Punjab,10,6,SK Raina,PP Chawla,MEK Hussey,4,0,4,,0,,,
335983,1,Chennai Super Kings,Kings XI Punjab,11,1,MEK Hussey,K Goel,SK Raina,6,0,6,,0,,,
335983,1,Chennai Super Kings,Kings XI Punjab,11,2,MEK Hussey,K Goel,SK Raina,4,0,4,,0,,,
335983,1,Chennai Super Kings,Kings XI Punjab,11,3,MEK Hussey,K Goel,SK Raina,1,0,1,,0,,,
335983,1,Chennai Super Kings,Kings XI Punjab,11,4,SK Raina,K Goel,MEK Hussey,6,0,6,,0,,,
335983,1,Chennai Super Kings,Kings XI Punjab,11,5,SK Raina,K Goel,MEK Hussey,1,0,1,,0,,,
335983,1,Chennai Super Kings,Kings XI Punjab,11,6,MEK Hussey,K Goel,SK Raina,2,0,2,,0,,,
335983,1,Chennai Super Kings,Kings XI Punjab,12,1,SK Raina,WA Mota,MEK Hussey,0,1,1,wides,0,,,
335983,1,Chennai Super Kings,Kings XI Punjab,12,2,SK Raina,WA Mota,MEK Hussey,0,0,0,,1,SK Raina,caught,IK Pathan
335983,1,Chennai Super Kings,Kings XI Punjab,12,3,MEK Hussey,WA Mota,JDP Oram,1,0,1,,0,,,
335983,1,Chennai Super Kings,Kings XI Punjab,12,4,JDP Oram,WA Mota,MEK Hussey,0,1,1,wides,0,,,
335983,1,Chennai Super Kings,Kings XI Punjab,12,5,JDP Oram,WA Mota,MEK Hussey,0,0,0,,0,,,
335983,1,Chennai Super Kings,Kings XI Punjab,12,6,JDP Oram,WA Mota,MEK Hussey,1,0,1,,0,,,
335983,1,Chennai Super Kings,Kings XI Punjab,12,7,MEK Hussey,WA Mota,JDP Oram,1,0,1,,0,,,
335983,1,Chennai Super Kings,Kings XI Punjab,12,8,JDP Oram,WA Mota,MEK Hussey,1,0,1,,0,,,
335983,1,Chennai Super Kings,Kings XI Punjab,13,1,JDP Oram,JR Hopes,MEK Hussey,1,0,1,,0,,,
335983,1,Chennai Super Kings,Kings XI Punjab,13,2,MEK Hussey,JR Hopes,JDP Oram,0,0,0,,0,,,
335983,1,Chennai Super Kings,Kings XI Punjab,13,3,MEK Hussey,JR Hopes,JDP Oram,1,0,1,,0,,,
335983,1,Chennai Super Kings,Kings XI Punjab,13,4,JDP Oram,JR Hopes,MEK Hussey,1,0,1,,0,,,
335983,1,Chennai Super Kings,Kings XI Punjab,13,5,MEK Hussey,JR Hopes,JDP Oram,6,0,6,,0,,,
335983,1,Chennai Super Kings,Kings XI Punjab,13,6,MEK Hussey,JR Hopes,JDP Oram,0,1,1,legbyes,0,,,
335983,1,Chennai Super Kings,Kings XI Punjab,14,1,MEK Hussey,WA Mota,JDP Oram,4,0,4,,0,,,
335983,1,Chennai Super Kings,Kings XI Punjab,14,2,MEK Hussey,WA Mota,JDP Oram,1,0,1,,0,,,
335983,1,Chennai Super Kings,Kings XI Punjab,14,3,JDP Oram,WA Mota,MEK Hussey,2,0,2,,0,,,
335983,1,Chennai Super Kings,Kings XI Punjab,14,4,JDP Oram,WA Mota,MEK Hussey,1,0,1,,0,,,
335983,1,Chennai Super Kings,Kings XI Punjab,14,5,MEK Hussey,WA Mota,JDP Oram,4,0,4,,0,,,
335983,1,Chennai Super Kings,Kings XI Punjab,14,6,MEK Hussey,WA Mota,JDP Oram,6,0,6,,0,,,
335983,1,Chennai Super Kings,Kings XI Punjab,15,1,JDP Oram,IK Pathan,MEK Hussey,6,0,6,,0,,,
335983,1,Chennai Super Kings,Kings XI Punjab,15,2,JDP Oram,IK Pathan,MEK Hussey,0,0,0,,0,,,
335983,1,Chennai Super Kings,Kings XI Punjab,15,3,JDP Oram,IK Pathan,MEK Hussey,0,0,0,,1,JDP Oram,bowled,
335983,1,Chennai Super Kings,Kings XI Punjab,15,4,S Badrinath,IK Pathan,MEK Hussey,0,0,0,,0,,,
335983,1,Chennai Super Kings,Kings XI Punjab,15,5,S Badrinath,IK Pathan,MEK Hussey,1,0,1,,0,,,
335983,1,Chennai Super Kings,Kings XI Punjab,15,6,MEK Hussey,IK Pathan,S Badrinath,1,0,1,,0,,,
335983,1,Chennai Super Kings,Kings XI Punjab,16,1,MEK Hussey,S Sreesanth,S Badrinath,1,0,1,,0,,,
335983,1,Chennai Super Kings,Kings XI Punjab,16,2,S Badrinath,S Sreesanth,MEK Hussey,1,0,1,,0,,,
335983,1,Chennai Super Kings,Kings XI Punjab,16,3,MEK Hussey,S Sreesanth,S Badrinath,6,0,6,,0,,,
335983,1,Chennai Super Kings,Kings XI Punjab,16,4,MEK Hussey,S Sreesanth,S Badrinath,4,0,4,,0,,,
335983,1,Chennai Super Kings,Kings XI Punjab,16,5,MEK Hussey,S Sreesanth,S Badrinath,1,0,1,,0,,,
335983,1,Chennai Super Kings,Kings XI Punjab,16,6,S Badrinath,S Sreesanth,MEK Hussey,1,0,1,,0,,,
335983,1,Chennai Super Kings,Kings XI Punjab,17,1,S Badrinath,IK Pathan,MEK Hussey,0,0,0,,0,,,
335983,1,Chennai Super Kings,Kings XI Punjab,17,2,S Badrinath,IK Pathan,MEK Hussey,4,0,4,,0,,,
335983,1,Chennai Super Kings,Kings XI Punjab,17,3,S Badrinath,IK Pathan,MEK Hussey,1,0,1,,0,,,
335983,1,Chennai Super Kings,Kings XI Punjab,17,4,MEK Hussey,IK Pathan,S Badrinath,2,0,2,,0,,,
335983,1,Chennai Super Kings,Kings XI Punjab,17,5,MEK Hussey,IK Pathan,S Badrinath,6,0,6,,0,,,
335983,1,Chennai Super Kings,Kings XI Punjab,17,6,MEK Hussey,IK Pathan,S Badrinath,4,0,4,,0,,,
335983,1,Chennai Super Kings,Kings XI Punjab,18,1,S Badrinath,B Lee,MEK Hussey,4,0,4,,0,,,
335983,1,Chennai Super Kings,Kings XI Punjab,18,2,S Badrinath,B Lee,MEK Hussey,1,0,1,,0,,,
335983,1,Chennai Super Kings,Kings XI Punjab,18,3,MEK Hussey,B Lee,S Badrinath,1,0,1,,0,,,
335983,1,Chennai Super Kings,Kings XI Punjab,18,4,S Badrinath,B Lee,MEK Hussey,1,0,1,,0,,,
335983,1,Chennai Super Kings,Kings XI Punjab,18,5,MEK Hussey,B Lee,S Badrinath,6,0,6,,0,,,
335983,1,Chennai Super Kings,Kings XI Punjab,18,6,MEK Hussey,B Lee,S Badrinath,2,0,2,,0,,,
335983,1,Chennai Super Kings,Kings XI Punjab,19,1,S Badrinath,JR Hopes,MEK Hussey,6,0,6,,0,,,
335983,1,Chennai Super Kings,Kings XI Punjab,19,2,S Badrinath,JR Hopes,MEK Hussey,6,0,6,,0,,,
335983,1,Chennai Super Kings,Kings XI Punjab,19,3,S Badrinath,JR Hopes,MEK Hussey,4,0,4,,0,,,
335983,1,Chennai Super Kings,Kings XI Punjab,19,4,S Badrinath,JR Hopes,MEK Hussey,1,0,1,,0,,,
335983,1,Chennai Super Kings,Kings XI Punjab,19,5,MEK Hussey,JR Hopes,S Badrinath,6,0,6,,0,,,
335983,1,Chennai Super Kings,Kings XI Punjab,19,6,MEK Hussey,JR Hopes,S Badrinath,2,0,2,,0,,,
335983,2,Kings XI Punjab,Chennai Super Kings,0,1,K Goel,JDP Oram,JR Hopes,4,0,4,,0,,,
335983,2,Kings XI Punjab,Chennai Super Kings,0,2,K Goel,JDP Oram,JR Hopes,0,0,0,,0,,,
335983,2,Kings XI Punjab,Chennai Super Kings,0,3,K Goel,JDP Oram,JR Hopes,0,0,0,,0,,,
335983,2,Kings XI Punjab,Chennai Super Kings,0,4,K Goel,JDP Oram,JR Hopes,1,0,1,,0,,,
335983,2,Kings XI Punjab,Chennai Super Kings,0,5,JR Hopes,JDP Oram,K Goel,0,0,0,,0,,,
335983,2,Kings XI Punjab,Chennai Super Kings,0,6,JR Hopes,JDP Oram,K Goel,4,0,4,,0,,,
335983,2,Kings XI Punjab,Chennai Super Kings,1,1,K Goel,MS Gony,JR Hopes,1,0,1,,0,,,
335983,2,Kings XI Punjab,Chennai Super Kings,1,2,JR Hopes,MS Gony,K Goel,0,0,0,,0,,,
335983,2,Kings XI Punjab,Chennai Super Kings,1,3,JR Hopes,MS Gony,K Goel,1,0,1,,0,,,
335983,2,Kings XI Punjab,Chennai Super Kings,1,4,K Goel,MS Gony,JR Hopes,0,0,0,,0,,,
335983,2,Kings XI Punjab,Chennai Super Kings,1,5,K Goel,MS Gony,JR Hopes,4,0,4,,0,,,
335983,2,Kings XI Punjab,Chennai Super Kings,1,6,K Goel,MS Gony,JR Hopes,1,0,1,,0,,,
335983,2,Kings XI Punjab,Chennai Super Kings,2,1,K Goel,JDP Oram,JR Hopes,1,0,1,,0,,,
335983,2,Kings XI Punjab,Chennai Super Kings,2,2,JR Hopes,JDP Oram,K Goel,4,0,4,,0,,,
335983,2,Kings XI Punjab,Chennai Super Kings,2,3,JR Hopes,JDP Oram,K Goel,0,0,0,,0,,,
335983,2,Kings XI Punjab,Chennai Super Kings,2,4,JR Hopes,JDP Oram,K Goel,4,0,4,,0,,,
335983,2,Kings XI Punjab,Chennai Super Kings,2,5,JR Hopes,JDP Oram,K Goel,1,0,1,,0,,,
335983,2,Kings XI Punjab,Chennai Super Kings,2,6,K Goel,JDP Oram,JR Hopes,1,0,1,,0,,,
335983,2,Kings XI Punjab,Chennai Super Kings,3,1,K Goel,MS Gony,JR Hopes,0,0,0,,0,,,
335983,2,Kings XI Punjab,Chennai Super Kings,3,2,K Goel,MS Gony,JR Hopes,0,0,0,,0,,,
335983,2,Kings XI Punjab,Chennai Super Kings,3,3,K Goel,MS Gony,JR Hopes,1,0,1,,0,,,
335983,2,Kings XI Punjab,Chennai Super Kings,3,4,JR Hopes,MS Gony,K Goel,1,0,1,,0,,,
335983,2,Kings XI Punjab,Chennai Super Kings,3,5,K Goel,MS Gony,JR Hopes,2,0,2,,0,,,
335983,2,Kings XI Punjab,Chennai Super Kings,3,6,K Goel,MS Gony,JR Hopes,6,0,6,,0,,,
335983,2,Kings XI Punjab,Chennai Super Kings,4,1,JR Hopes,JDP Oram,K Goel,0,0,0,,0,,,
335983,2,Kings XI Punjab,Chennai Super Kings,4,2,JR Hopes,JDP Oram,K Goel,0,0,0,,0,,,
335983,2,Kings XI Punjab,Chennai Super Kings,4,3,JR Hopes,JDP Oram,K Goel,1,0,1,,0,,,
335983,2,Kings XI Punjab,Chennai Super Kings,4,4,K Goel,JDP Oram,JR Hopes,1,0,1,,0,,,
335983,2,Kings XI Punjab,Chennai Super Kings,4,5,JR Hopes,JDP Oram,K Goel,4,0,4,,0,,,
335983,2,Kings XI Punjab,Chennai Super Kings,4,6,JR Hopes,JDP Oram,K Goel,4,0,4,,0,,,
335983,2,Kings XI Punjab,Chennai Super Kings,5,1,K Goel,MS Gony,JR Hopes,1,0,1,,0,,,
335983,2,Kings XI Punjab,Chennai Super Kings,5,2,JR Hopes,MS Gony,K Goel,6,0,6,,0,,,
335983,2,Kings XI Punjab,Chennai Super Kings,5,3,JR Hopes,MS Gony,K Goel,1,0,1,,0,,,
335983,2,Kings XI Punjab,Chennai Super Kings,5,4,K Goel,MS Gony,JR Hopes,0,1,1,wides,0,,,
335983,2,Kings XI Punjab,Chennai Super Kings,5,5,K Goel,MS Gony,JR Hopes,0,0,0,,0,,,
335983,2,Kings XI Punjab,Chennai Super Kings,5,6,K Goel,MS Gony,JR Hopes,0,0,0,,1,K Goel,caught,PA Patel
335983,2,Kings XI Punjab,Chennai Super Kings,5,7,JR Hopes,MS Gony,KC Sangakkara,0,1,1,wides,0,,,
335983,2,Kings XI Punjab,Chennai Super Kings,5,8,JR Hopes,MS Gony,KC Sangakkara,6,0,6,,0,,,
335983,2,Kings XI Punjab,Chennai Super Kings,6,1,KC Sangakkara,M Muralitharan,JR Hopes,1,0,1,,0,,,
335983,2,Kings XI Punjab,Chennai Super Kings,6,2,JR Hopes,M Muralitharan,KC Sangakkara,1,0,1,,0,,,
335983,2,Kings XI Punjab,Chennai Super Kings,6,3,KC Sangakkara,M Muralitharan,JR Hopes,1,0,1,,0,,,
335983,2,Kings XI Punjab,Chennai Super Kings,6,4,JR Hopes,M Muralitharan,KC Sangakkara,1,0,1,,0,,,
335983,2,Kings XI Punjab,Chennai Super Kings,6,5,KC Sangakkara,M Muralitharan,JR Hopes,0,1,1,legbyes,0,,,
335983,2,Kings XI Punjab,Chennai Super Kings,6,6,JR Hopes,M Muralitharan,KC Sangakkara,1,0,1,,0,,,
335983,2,Kings XI Punjab,Chennai Super Kings,7,1,JR Hopes,P Amarnath,KC Sangakkara,4,0,4,,0,,,
335983,2,Kings XI Punjab,Chennai Super Kings,7,2,JR Hopes,P Amarnath,KC Sangakkara,4,0,4,,0,,,
335983,2,Kings XI Punjab,Chennai Super Kings,7,3,JR Hopes,P Amarnath,KC Sangakkara,1,0,1,,0,,,
335983,2,Kings XI Punjab,Chennai Super Kings,7,4,KC Sangakkara,P Amarnath,JR Hopes,1,0,1,,0,,,
335983,2,Kings XI Punjab,Chennai Super Kings,7,5,JR Hopes,P Amarnath,KC Sangakkara,4,0,4,,0,,,
335983,2,Kings XI Punjab,Chennai Super Kings,7,6,JR Hopes,P Amarnath,KC Sangakkara,1,0,1,,0,,,
335983,2,Kings XI Punjab,Chennai Super Kings,8,1,JR Hopes,Joginder Sharma,KC Sangakkara,4,0,4,,0,,,
335983,2,Kings XI Punjab,Chennai Super Kings,8,2,JR Hopes,Joginder Sharma,KC Sangakkara,4,0,4,,0,,,
335983,2,Kings XI Punjab,Chennai Super Kings,8,3,JR Hopes,Joginder Sharma,KC Sangakkara,1,0,1,,0,,,
335983,2,Kings XI Punjab,Chennai Super Kings,8,4,KC Sangakkara,Joginder Sharma,JR Hopes,1,0,1,,0,,,
335983,2,Kings XI Punjab,Chennai Super Kings,8,5,JR Hopes,Joginder Sharma,KC Sangakkara,1,0,1,,0,,,
335983,2,Kings XI Punjab,Chennai Super Kings,8,6,KC Sangakkara,Joginder Sharma,JR Hopes,0,1,1,wides,0,,,
335983,2,Kings XI Punjab,Chennai Super Kings,8,7,KC Sangakkara,Joginder Sharma,JR Hopes,1,0,1,,0,,,
335983,2,Kings XI Punjab,Chennai Super Kings,9,1,KC Sangakkara,M Muralitharan,JR Hopes,1,0,1,,0,,,
335983,2,Kings XI Punjab,Chennai Super Kings,9,2,JR Hopes,M Muralitharan,KC Sangakkara,6,0,6,,0,,,
335983,2,Kings XI Punjab,Chennai Super Kings,9,3,JR Hopes,M Muralitharan,KC Sangakkara,0,0,0,,0,,,
335983,2,Kings XI Punjab,Chennai Super Kings,9,4,JR Hopes,M Muralitharan,KC Sangakkara,1,0,1,,0,,,
335983,2,Kings XI Punjab,Chennai Super Kings,9,5,KC Sangakkara,M Muralitharan,JR Hopes,4,0,4,,0,,,
335983,2,Kings XI Punjab,Chennai Super Kings,9,6,KC Sangakkara,M Muralitharan,JR Hopes,1,0,1,,0,,,
335983,2,Kings XI Punjab,Chennai Super Kings,10,1,KC Sangakkara,P Amarnath,JR Hopes,1,0,1,,0,,,
335983,2,Kings XI Punjab,Chennai Super Kings,10,2,JR Hopes,P Amarnath,KC Sangakkara,0,0,0,,1,JR Hopes,caught,Joginder Sharma
335983,2,Kings XI Punjab,Chennai Super Kings,10,3,KC Sangakkara,P Amarnath,Yuvraj Singh,1,0,1,,0,,,
335983,2,Kings XI Punjab,Chennai Super Kings,10,4,Yuvraj Singh,P Amarnath,KC Sangakkara,1,0,1,,0,,,
335983,2,Kings XI Punjab,Chennai Super Kings,10,5,KC Sangakkara,P Amarnath,Yuvraj Singh,1,0,1,,0,,,
335983,2,Kings XI Punjab,Chennai Super Kings,10,6,Yuvraj Singh,P Amarnath,KC Sangakkara,1,0,1,,0,,,
335983,2,Kings XI Punjab,Chennai Super Kings,11,1,Yuvraj Singh,Joginder Sharma,KC Sangakkara,1,0,1,,0,,,
335983,2,Kings XI Punjab,Chennai Super Kings,11,2,KC Sangakkara,Joginder Sharma,Yuvraj Singh,6,0,6,,0,,,
335983,2,Kings XI Punjab,Chennai Super Kings,11,3,KC Sangakkara,Joginder Sharma,Yuvraj Singh,4,0,4,,0,,,
335983,2,Kings XI Punjab,Chennai Super Kings,11,4,KC Sangakkara,Joginder Sharma,Yuvraj Singh,0,0,0,,0,,,
335983,2,Kings XI Punjab,Chennai Super Kings,11,5,KC Sangakkara,Joginder Sharma,Yuvraj Singh,0,0,0,,0,,,
335983,2,Kings XI Punjab,Chennai Super Kings,11,6,KC Sangakkara,Joginder Sharma,Yuvraj Singh,1,0,1,,0,,,
335983,2,Kings XI Punjab,Chennai Super Kings,12,1,KC Sangakkara,P Amarnath,Yuvraj Singh,0,1,1,legbyes,0,,,
335983,2,Kings XI Punjab,Chennai Super Kings,12,2,Yuvraj Singh,P Amarnath,KC Sangakkara,6,0,6,,0,,,
335983,2,Kings XI Punjab,Chennai Super Kings,12,3,Yuvraj Singh,P Amarnath,KC Sangakkara,1,0,1,,0,,,
335983,2,Kings XI Punjab,Chennai Super Kings,12,4,KC Sangakkara,P Amarnath,Yuvraj Singh,0,1,1,legbyes,0,,,
335983,2,Kings XI Punjab,Chennai Super Kings,12,5,Yuvraj Singh,P Amarnath,KC Sangakkara,4,0,4,,0,,,
335983,2,Kings XI Punjab,Chennai Super Kings,12,6,Yuvraj Singh,P Amarnath,KC Sangakkara,1,0,1,,0,,,
335983,2,Kings XI Punjab,Chennai Super Kings,13,1,Yuvraj Singh,M Muralitharan,KC Sangakkara,1,0,1,,0,,,
335983,2,Kings XI Punjab,Chennai Super Kings,13,2,KC Sangakkara,M Muralitharan,Yuvraj Singh,1,0,1,,0,,,
335983,2,Kings XI Punjab,Chennai Super Kings,13,3,Yuvraj Singh,M Muralitharan,KC Sangakkara,1,0,1,,0,,,
335983,2,Kings XI Punjab,Chennai Super Kings,13,4,KC Sangakkara,M Muralitharan,Yuvraj Singh,0,2,2,wides,0,,,
335983,2,Kings XI Punjab,Chennai Super Kings,13,5,Yuvraj Singh,M Muralitharan,KC Sangakkara,6,0,6,,0,,,
335983,2,Kings XI Punjab,Chennai Super Kings,13,6,Yuvraj Singh,M Muralitharan,KC Sangakkara,0,0,0,,0,,,
335983,2,Kings XI Punjab,Chennai Super Kings,13,7,Yuvraj Singh,M Muralitharan,KC Sangakkara,0,0,0,,0,,,
335983,2,Kings XI Punjab,Chennai Super Kings,14,1,KC Sangakkara,Joginder Sharma,Yuvraj Singh,1,0,1,,0,,,
335983,2,Kings XI Punjab,Chennai Super Kings,14,2,Yuvraj Singh,Joginder Sharma,KC Sangakkara,0,0,0,,1,Yuvraj Singh,caught,P Amarnath
335983,2,Kings XI Punjab,Chennai Super Kings,14,3,KC Sangakkara,Joginder Sharma,SM Katich,4,0,4,,0,,,
335983,2,Kings XI Punjab,Chennai Super Kings,14,4,KC Sangakkara,Joginder Sharma,SM Katich,1,0,1,,0,,,
335983,2,Kings XI Punjab,Chennai Super Kings,14,5,SM Katich,Joginder Sharma,KC Sangakkara,1,0,1,,0,,,
335983,2,Kings XI Punjab,Chennai Super Kings,14,6,KC Sangakkara,Joginder Sharma,SM Katich,6,0,6,,0,,,
335983,2,Kings XI Punjab,Chennai Super Kings,15,1,SM Katich,P Amarnath,KC Sangakkara,2,0,2,,0,,,
335983,2,Kings XI Punjab,Chennai Super Kings,15,2,SM Katich,P Amarnath,KC Sangakkara,0,1,1,byes,0,,,
335983,2,Kings XI Punjab,Chennai Super Kings,15,3,KC Sangakkara,P Amarnath,SM Katich,4,0,4,,0,,,
335983,2,Kings XI Punjab,Chennai Super Kings,15,4,KC Sangakkara,P Amarnath,SM Katich,1,0,1,,0,,,
335983,2,Kings XI Punjab,Chennai Super Kings,15,5,SM Katich,P Amarnath,KC Sangakkara,1,0,1,,0,,,
335983,2,Kings XI Punjab,Chennai Super Kings,15,6,KC Sangakkara,P Amarnath,SM Katich,2,0,2,,0,,,
335983,2,Kings XI Punjab,Chennai Super Kings,16,1,SM Katich,MS Gony,KC Sangakkara,0,1,1,legbyes,0,,,
335983,2,Kings XI Punjab,Chennai Super Kings,16,2,KC Sangakkara,MS Gony,SM Katich,1,0,1,,0,,,
335983,2,Kings XI Punjab,Chennai Super Kings,16,3,SM Katich,MS Gony,KC Sangakkara,1,0,1,,0,,,
335983,2,Kings XI Punjab,Chennai Super Kings,16,4,KC Sangakkara,MS Gony,SM Katich,4,0,4,,0,,,
335983,2,Kings XI Punjab,Chennai Super Kings,16,5,KC Sangakkara,MS Gony,SM Katich,1,0,1,,0,,,
335983,2,Kings XI Punjab,Chennai Super Kings,16,6,SM Katich,MS Gony,KC Sangakkara,2,0,2,,0,,,
335983,2,Kings XI Punjab,Chennai Super Kings,17,1,KC Sangakkara,M Muralitharan,SM Katich,1,0,1,,0,,,
335983,2,Kings XI Punjab,Chennai Super Kings,17,2,SM Katich,M Muralitharan,KC Sangakkara,1,0,1,,0,,,
335983,2,Kings XI Punjab,Chennai Super Kings,17,3,KC Sangakkara,M Muralitharan,SM Katich,2,0,2,,0,,,
335983,2,Kings XI Punjab,Chennai Super Kings,17,4,KC Sangakkara,M Muralitharan,SM Katich,0,0,0,,1,KC Sangakkara,caught,Joginder Sharma
335983,2,Kings XI Punjab,Chennai Super Kings,17,5,SM Katich,M Muralitharan,IK Pathan,0,1,1,byes,0,,,
335983,2,Kings XI Punjab,Chennai Super Kings,17,6,IK Pathan,M Muralitharan,SM Katich,0,0,0,,0,,,
335983,2,Kings XI Punjab,Chennai Super Kings,18,1,SM Katich,JDP Oram,IK Pathan,1,0,1,,0,,,
335983,2,Kings XI Punjab,Chennai Super Kings,18,2,IK Pathan,JDP Oram,SM Katich,1,0,1,,0,,,
335983,2,Kings XI Punjab,Chennai Super Kings,18,3,SM Katich,JDP Oram,IK Pathan,1,0,1,,0,,,
335983,2,Kings XI Punjab,Chennai Super Kings,18,4,IK Pathan,JDP Oram,SM Katich,1,0,1,,0,,,
335983,2,Kings XI Punjab,Chennai Super Kings,18,5,SM Katich,JDP Oram,IK Pathan,2,0,2,,0,,,
335983,2,Kings XI Punjab,Chennai Super Kings,18,6,SM Katich,JDP Oram,IK Pathan,1,0,1,,0,,,
335983,2,Kings XI Punjab,Chennai Super Kings,19,1,SM Katich,Joginder Sharma,IK Pathan,1,0,1,,0,,,
335983,2,Kings XI Punjab,Chennai Super Kings,19,2,IK Pathan,Joginder Sharma,SM Katich,1,0,1,,0,,,
335983,2,Kings XI Punjab,Chennai Super Kings,19,3,SM Katich,Joginder Sharma,IK Pathan,0,0,0,,0,,,
335983,2,Kings XI Punjab,Chennai Super Kings,19,4,SM Katich,Joginder Sharma,IK Pathan,6,0,6,,0,,,
335983,2,Kings XI Punjab,Chennai Super Kings,19,5,SM Katich,Joginder Sharma,IK Pathan,1,0,1,,0,,,
335983,2,Kings XI Punjab,Chennai Super Kings,19,6,IK Pathan,Joginder Sharma,SM Katich,0,0,0,,0,,,
335984,1,Rajasthan Royals,Delhi Daredevils,0,1,T Kohli,GD McGrath,YK Pathan,0,0,0,,0,,,
335984,1,Rajasthan Royals,Delhi Daredevils,0,2,T Kohli,GD McGrath,YK Pathan,0,0,0,,0,,,
335984,1,Rajasthan Royals,Delhi Daredevils,0,3,T Kohli,GD McGrath,YK Pathan,0,0,0,,0,,,
335984,1,Rajasthan Royals,Delhi Daredevils,0,4,T Kohli,GD McGrath,YK Pathan,0,1,1,wides,0,,,
335984,1,Rajasthan Royals,Delhi Daredevils,0,5,T Kohli,GD McGrath,YK Pathan,0,0,0,,0,,,
335984,1,Rajasthan Royals,Delhi Daredevils,0,6,T Kohli,GD McGrath,YK Pathan,0,0,0,,0,,,
335984,1,Rajasthan Royals,Delhi Daredevils,0,7,T Kohli,GD McGrath,YK Pathan,6,0,6,,0,,,
335984,1,Rajasthan Royals,Delhi Daredevils,1,1,YK Pathan,B Geeves,T Kohli,1,0,1,,0,,,
335984,1,Rajasthan Royals,Delhi Daredevils,1,2,T Kohli,B Geeves,YK Pathan,0,0,0,,0,,,
335984,1,Rajasthan Royals,Delhi Daredevils,1,3,T Kohli,B Geeves,YK Pathan,0,0,0,,0,,,
335984,1,Rajasthan Royals,Delhi Daredevils,1,4,T Kohli,B Geeves,YK Pathan,1,0,1,,0,,,
335984,1,Rajasthan Royals,Delhi Daredevils,1,5,YK Pathan,B Geeves,T Kohli,4,0,4,,0,,,
335984,1,Rajasthan Royals,Delhi Daredevils,1,6,YK Pathan,B Geeves,T Kohli,4,0,4,,0,,,
335984,1,Rajasthan Royals,Delhi Daredevils,2,1,T Kohli,GD McGrath,YK Pathan,0,0,0,,0,,,
335984,1,Rajasthan Royals,Delhi Daredevils,2,2,T Kohli,GD McGrath,YK Pathan,0,0,0,,0,,,
335984,1,Rajasthan Royals,Delhi Daredevils,2,3,T Kohli,GD McGrath,YK Pathan,0,0,0,,1,T Kohli,caught,M Manhas
335984,1,Rajasthan Royals,Delhi Daredevils,2,4,SR Watson,GD McGrath,YK Pathan,0,0,0,,0,,,
335984,1,Rajasthan Royals,Delhi Daredevils,2,5,SR Watson,GD McGrath,YK Pathan,0,0,0,,0,,,
335984,1,Rajasthan Royals,Delhi Daredevils,2,6,SR Watson,GD McGrath,YK Pathan,0,0,0,,0,,,
335984,1,Rajasthan Royals,Delhi Daredevils,3,1,YK Pathan,B Geeves,SR Watson,1,0,1,,0,,,
335984,1,Rajasthan Royals,Delhi Daredevils,3,2,SR Watson,B Geeves,YK Pathan,4,0,4,,0,,,
335984,1,Rajasthan Royals,Delhi Daredevils,3,3,SR Watson,B Geeves,YK Pathan,4,0,4,,0,,,
335984,1,Rajasthan Royals,Delhi Daredevils,3,4,SR Watson,B Geeves,YK Pathan,1,0,1,,0,,,
335984,1,Rajasthan Royals,Delhi Daredevils,3,5,YK Pathan,B Geeves,SR Watson,0,0,0,,1,YK Pathan,run out,
335984,1,Rajasthan Royals,Delhi Daredevils,3,6,SR Watson,B Geeves,M Kaif,4,0,4,,0,,,
335984,1,Rajasthan Royals,Delhi Daredevils,4,1,M Kaif,GD McGrath,SR Watson,0,0,0,,0,,,
335984,1,Rajasthan Royals,Delhi Daredevils,4,2,M Kaif,GD McGrath,SR Watson,0,0,0,,0,,,
335984,1,Rajasthan Royals,Delhi Daredevils,4,3,M Kaif,GD McGrath,SR Watson,1,0,1,,0,,,
335984,1,Rajasthan Royals,Delhi Daredevils,4,4,SR Watson,GD McGrath,M Kaif,4,0,4,,0,,,
335984,1,Rajasthan Royals,Delhi Daredevils,4,5,SR Watson,GD McGrath,M Kaif,0,0,0,,0,,,
335984,1,Rajasthan Royals,Delhi Daredevils,4,6,SR Watson,GD McGrath,M Kaif,1,0,1,,0,,,
335984,1,Rajasthan Royals,Delhi Daredevils,5,1,SR Watson,MF Maharoof,M Kaif,0,0,0,,0,,,
335984,1,Rajasthan Royals,Delhi Daredevils,5,2,SR Watson,MF Maharoof,M Kaif,1,0,1,,0,,,
335984,1,Rajasthan Royals,Delhi Daredevils,5,3,M Kaif,MF Maharoof,SR Watson,0,0,0,,0,,,
335984,1,Rajasthan Royals,Delhi Daredevils,5,4,M Kaif,MF Maharoof,SR Watson,0,1,1,legbyes,0,,,
335984,1,Rajasthan Royals,Delhi Daredevils,5,5,SR Watson,MF Maharoof,M Kaif,1,0,1,,0,,,
335984,1,Rajasthan Royals,Delhi Daredevils,5,6,M Kaif,MF Maharoof,SR Watson,0,0,0,,0,,,
335984,1,Rajasthan Royals,Delhi Daredevils,6,1,SR Watson,R Bhatia,M Kaif,0,0,0,,0,,,
335984,1,Rajasthan Royals,Delhi Daredevils,6,2,SR Watson,R Bhatia,M Kaif,1,0,1,,1,SR Watson,run out,
335984,1,Rajasthan Royals,Delhi Daredevils,6,3,M Kaif,R Bhatia,DS Lehmann,2,0,2,,0,,,
335984,1,Rajasthan Royals,Delhi Daredevils,6,4,M Kaif,R Bhatia,DS Lehmann,0,0,0,,0,,,
335984,1,Rajasthan Royals,Delhi Daredevils,6,5,M Kaif,R Bhatia,DS Lehmann,0,0,0,,0,,,
335984,1,Rajasthan Royals,Delhi Daredevils,6,6,M Kaif,R Bhatia,DS Lehmann,1,0,1,,0,,,
335984,1,Rajasthan Royals,Delhi Daredevils,7,1,M Kaif,MF Maharoof,DS Lehmann,0,1,1,legbyes,0,,,
335984,1,Rajasthan Royals,Delhi Daredevils,7,2,DS Lehmann,MF Maharoof,M Kaif,1,0,1,,0,,,
335984,1,Rajasthan Royals,Delhi Daredevils,7,3,M Kaif,MF Maharoof,DS Lehmann,1,0,1,,0,,,
335984,1,Rajasthan Royals,Delhi Daredevils,7,4,DS Lehmann,MF Maharoof,M Kaif,0,0,0,,1,DS Lehmann,lbw,
335984,1,Rajasthan Royals,Delhi Daredevils,7,5,RA Jadeja,MF Maharoof,M Kaif,0,0,0,,0,,,
335984,1,Rajasthan Royals,Delhi Daredevils,7,6,RA Jadeja,MF Maharoof,M Kaif,1,0,1,,0,,,
335984,1,Rajasthan Royals,Delhi Daredevils,8,1,RA Jadeja,R Bhatia,M Kaif,0,0,0,,0,,,
335984,1,Rajasthan Royals,Delhi Daredevils,8,2,RA Jadeja,R Bhatia,M Kaif,0,0,0,,0,,,
335984,1,Rajasthan Royals,Delhi Daredevils,8,3,RA Jadeja,R Bhatia,M Kaif,0,1,1,byes,0,,,
335984,1,Rajasthan Royals,Delhi Daredevils,8,4,M Kaif,R Bhatia,RA Jadeja,1,0,1,,0,,,
335984,1,Rajasthan Royals,Delhi Daredevils,8,5,RA Jadeja,R Bhatia,M Kaif,0,0,0,,0,,,
335984,1,Rajasthan Royals,Delhi Daredevils,8,6,RA Jadeja,R Bhatia,M Kaif,1,0,1,,0,,,
335984,1,Rajasthan Royals,Delhi Daredevils,9,1,RA Jadeja,MF Maharoof,M Kaif,0,1,1,legbyes,0,,,
335984,1,Rajasthan Royals,Delhi Daredevils,9,2,M Kaif,MF Maharoof,RA Jadeja,1,0,1,,0,,,
335984,1,Rajasthan Royals,Delhi Daredevils,9,3,RA Jadeja,MF Maharoof,M Kaif,1,0,1,,0,,,
335984,1,Rajasthan Royals,Delhi Daredevils,9,4,M Kaif,MF Maharoof,RA Jadeja,1,0,1,,0,,,
335984,1,Rajasthan Royals,Delhi Daredevils,9,5,RA Jadeja,MF Maharoof,M Kaif,1,0,1,,0,,,
335984,1,Rajasthan Royals,Delhi Daredevils,9,6,M Kaif,MF Maharoof,RA Jadeja,1,0,1,,0,,,
335984,1,Rajasthan Royals,Delhi Daredevils,10,1,M Kaif,R Bhatia,RA Jadeja,0,0,0,,0,,,
335984,1,Rajasthan Royals,Delhi Daredevils,10,2,M Kaif,R Bhatia,RA Jadeja,0,0,0,,0,,,
335984,1,Rajasthan Royals,Delhi Daredevils,10,3,M Kaif,R Bhatia,RA Jadeja,0,0,0,,1,M Kaif,caught,B Geeves
335984,1,Rajasthan Royals,Delhi Daredevils,10,4,M Rawat,R Bhatia,RA Jadeja,1,0,1,,0,,,
335984,1,Rajasthan Royals,Delhi Daredevils,10,5,RA Jadeja,R Bhatia,M Rawat,0,0,0,,0,,,
335984,1,Rajasthan Royals,Delhi Daredevils,10,6,RA Jadeja,R Bhatia,M Rawat,1,0,1,,0,,,
335984,1,Rajasthan Royals,Delhi Daredevils,11,1,RA Jadeja,DL Vettori,M Rawat,6,0,6,,0,,,
335984,1,Rajasthan Royals,Delhi Daredevils,11,2,RA Jadeja,DL Vettori,M Rawat,4,0,4,,0,,,
335984,1,Rajasthan Royals,Delhi Daredevils,11,3,RA Jadeja,DL Vettori,M Rawat,1,0,1,,0,,,
335984,1,Rajasthan Royals,Delhi Daredevils,11,4,M Rawat,DL Vettori,RA Jadeja,0,0,0,,0,,,
335984,1,Rajasthan Royals,Delhi Daredevils,11,5,M Rawat,DL Vettori,RA Jadeja,1,0,1,,0,,,
335984,1,Rajasthan Royals,Delhi Daredevils,11,6,RA Jadeja,DL Vettori,M Rawat,0,0,0,,0,,,
335984,1,Rajasthan Royals,Delhi Daredevils,12,1,M Rawat,R Bhatia,RA Jadeja,0,0,0,,1,M Rawat,bowled,
335984,1,Rajasthan Royals,Delhi Daredevils,12,2,D Salunkhe,R Bhatia,RA Jadeja,4,0,4,,0,,,
335984,1,Rajasthan Royals,Delhi Daredevils,12,3,D Salunkhe,R Bhatia,RA Jadeja,1,0,1,,0,,,
335984,1,Rajasthan Royals,Delhi Daredevils,12,4,RA Jadeja,R Bhatia,D Salunkhe,0,2,2,wides,0,,,
335984,1,Rajasthan Royals,Delhi Daredevils,12,5,D Salunkhe,R Bhatia,RA Jadeja,0,0,0,,0,,,
335984,1,Rajasthan Royals,Delhi Daredevils,12,6,D Salunkhe,R Bhatia,RA Jadeja,1,0,1,,0,,,
335984,1,Rajasthan Royals,Delhi Daredevils,12,7,RA Jadeja,R Bhatia,D Salunkhe,1,0,1,,0,,,
335984,1,Rajasthan Royals,Delhi Daredevils,13,1,RA Jadeja,B Geeves,D Salunkhe,4,0,4,,0,,,
335984,1,Rajasthan Royals,Delhi Daredevils,13,2,RA Jadeja,B Geeves,D Salunkhe,1,0,1,,0,,,
335984,1,Rajasthan Royals,Delhi Daredevils,13,3,D Salunkhe,B Geeves,RA Jadeja,1,0,1,,0,,,
335984,1,Rajasthan Royals,Delhi Daredevils,13,4,RA Jadeja,B Geeves,D Salunkhe,0,0,0,,0,,,
335984,1,Rajasthan Royals,Delhi Daredevils,13,5,RA Jadeja,B Geeves,D Salunkhe,1,0,1,,0,,,
335984,1,Rajasthan Royals,Delhi Daredevils,13,6,D Salunkhe,B Geeves,RA Jadeja,0,0,0,,0,,,
335984,1,Rajasthan Royals,Delhi Daredevils,14,1,RA Jadeja,DL Vettori,D Salunkhe,6,0,6,,0,,,
335984,1,Rajasthan Royals,Delhi Daredevils,14,2,RA Jadeja,DL Vettori,D Salunkhe,0,0,0,,1,RA Jadeja,bowled,
335984,1,Rajasthan Royals,Delhi Daredevils,14,3,SK Warne,DL Vettori,D Salunkhe,0,0,0,,0,,,
335984,1,Rajasthan Royals,Delhi Daredevils,14,4,SK Warne,DL Vettori,D Salunkhe,1,0,1,,0,,,
335984,1,Rajasthan Royals,Delhi Daredevils,14,5,D Salunkhe,DL Vettori,SK Warne,1,0,1,,0,,,
335984,1,Rajasthan Royals,Delhi Daredevils,14,6,SK Warne,DL Vettori,D Salunkhe,1,0,1,,0,,,
335984,1,Rajasthan Royals,Delhi Daredevils,15,1,SK Warne,B Geeves,D Salunkhe,0,0,0,,0,,,
335984,1,Rajasthan Royals,Delhi Daredevils,15,2,SK Warne,B Geeves,D Salunkhe,0,0,0,,0,,,
335984,1,Rajasthan Royals,Delhi Daredevils,15,3,SK Warne,B Geeves,D Salunkhe,4,0,4,,0,,,
335984,1,Rajasthan Royals,Delhi Daredevils,15,4,SK Warne,B Geeves,D Salunkhe,0,0,0,,0,,,
335984,1,Rajasthan Royals,Delhi Daredevils,15,5,SK Warne,B Geeves,D Salunkhe,4,0,4,,0,,,
335984,1,Rajasthan Royals,Delhi Daredevils,15,6,SK Warne,B Geeves,D Salunkhe,2,0,2,,0,,,
335984,1,Rajasthan Royals,Delhi Daredevils,16,1,D Salunkhe,DL Vettori,SK Warne,1,0,1,,0,,,
335984,1,Rajasthan Royals,Delhi Daredevils,16,2,SK Warne,DL Vettori,D Salunkhe,0,0,0,,0,,,
335984,1,Rajasthan Royals,Delhi Daredevils,16,3,SK Warne,DL Vettori,D Salunkhe,1,0,1,,0,,,
335984,1,Rajasthan Royals,Delhi Daredevils,16,4,D Salunkhe,DL Vettori,SK Warne,0,0,0,,0,,,
335984,1,Rajasthan Royals,Delhi Daredevils,16,5,D Salunkhe,DL Vettori,SK Warne,1,0,1,,0,,,
335984,1,Rajasthan Royals,Delhi Daredevils,16,6,SK Warne,DL Vettori,D Salunkhe,1,0,1,,0,,,
335984,1,Rajasthan Royals,Delhi Daredevils,17,1,SK Warne,MF Maharoof,D Salunkhe,0,0,0,,1,SK Warne,bowled,
335984,1,Rajasthan Royals,Delhi Daredevils,17,2,SK Trivedi,MF Maharoof,D Salunkhe,0,0,0,,0,,,
335984,1,Rajasthan Royals,Delhi Daredevils,17,3,SK Trivedi,MF Maharoof,D Salunkhe,0,0,0,,0,,,
335984,1,Rajasthan Royals,Delhi Daredevils,17,4,SK Trivedi,MF Maharoof,D Salunkhe,0,0,0,,0,,,
335984,1,Rajasthan Royals,Delhi Daredevils,17,5,SK Trivedi,MF Maharoof,D Salunkhe,1,0,1,,0,,,
335984,1,Rajasthan Royals,Delhi Daredevils,17,6,D Salunkhe,MF Maharoof,SK Trivedi,0,0,0,,0,,,
335984,1,Rajasthan Royals,Delhi Daredevils,18,1,SK Trivedi,DL Vettori,D Salunkhe,0,0,0,,0,,,
335984,1,Rajasthan Royals,Delhi Daredevils,18,2,SK Trivedi,DL Vettori,D Salunkhe,1,0,1,,0,,,
335984,1,Rajasthan Royals,Delhi Daredevils,18,3,D Salunkhe,DL Vettori,SK Trivedi,4,0,4,,0,,,
335984,1,Rajasthan Royals,Delhi Daredevils,18,4,D Salunkhe,DL Vettori,SK Trivedi,4,0,4,,0,,,
335984,1,Rajasthan Royals,Delhi Daredevils,18,5,D Salunkhe,DL Vettori,SK Trivedi,0,0,0,,0,,,
335984,1,Rajasthan Royals,Delhi Daredevils,18,6,D Salunkhe,DL Vettori,SK Trivedi,1,0,1,,0,,,
335984,1,Rajasthan Royals,Delhi Daredevils,19,1,D Salunkhe,GD McGrath,SK Trivedi,4,0,4,,0,,,
335984,1,Rajasthan Royals,Delhi Daredevils,19,2,D Salunkhe,GD McGrath,SK Trivedi,0,0,0,,0,,,
335984,1,Rajasthan Royals,Delhi Daredevils,19,3,D Salunkhe,GD McGrath,SK Trivedi,1,0,1,,0,,,
335984,1,Rajasthan Royals,Delhi Daredevils,19,4,SK Trivedi,GD McGrath,D Salunkhe,1,0,1,,0,,,
335984,1,Rajasthan Royals,Delhi Daredevils,19,5,D Salunkhe,GD McGrath,SK Trivedi,2,0,2,,0,,,
335984,1,Rajasthan Royals,Delhi Daredevils,19,6,D Salunkhe,GD McGrath,SK Trivedi,0,0,0,,0,,,
335984,2,Delhi Daredevils,Rajasthan Royals,0,1,G Gambhir,MM Patel,V Sehwag,0,0,0,,0,,,
335984,2,Delhi Daredevils,Rajasthan Royals,0,2,G Gambhir,MM Patel,V Sehwag,0,0,0,,0,,,
335984,2,Delhi Daredevils,Rajasthan Royals,0,3,G Gambhir,MM Patel,V Sehwag,0,0,0,,0,,,
335984,2,Delhi Daredevils,Rajasthan Royals,0,4,G Gambhir,MM Patel,V Sehwag,0,0,0,,0,,,
335984,2,Delhi Daredevils,Rajasthan Royals,0,5,G Gambhir,MM Patel,V Sehwag,4,0,4,,0,,,
335984,2,Delhi Daredevils,Rajasthan Royals,0,6,G Gambhir,MM Patel,V Sehwag,4,0,4,,0,,,
335984,2,Delhi Daredevils,Rajasthan Royals,1,1,V Sehwag,SR Watson,G Gambhir,4,0,4,,0,,,
335984,2,Delhi Daredevils,Rajasthan Royals,1,2,V Sehwag,SR Watson,G Gambhir,4,0,4,,0,,,
335984,2,Delhi Daredevils,Rajasthan Royals,1,3,V Sehwag,SR Watson,G Gambhir,4,0,4,,0,,,
335984,2,Delhi Daredevils,Rajasthan Royals,1,4,V Sehwag,SR Watson,G Gambhir,0,0,0,,1,V Sehwag,bowled,
335984,2,Delhi Daredevils,Rajasthan Royals,1,5,S Dhawan,SR Watson,G Gambhir,0,0,0,,0,,,
335984,2,Delhi Daredevils,Rajasthan Royals,1,6,S Dhawan,SR Watson,G Gambhir,0,1,1,wides,0,,,
335984,2,Delhi Daredevils,Rajasthan Royals,1,7,S Dhawan,SR Watson,G Gambhir,0,0,0,,0,,,
335984,2,Delhi Daredevils,Rajasthan Royals,2,1,G Gambhir,MM Patel,S Dhawan,0,0,0,,0,,,
335984,2,Delhi Daredevils,Rajasthan Royals,2,2,G Gambhir,MM Patel,S Dhawan,4,0,4,,0,,,
335984,2,Delhi Daredevils,Rajasthan Royals,2,3,G Gambhir,MM Patel,S Dhawan,0,0,0,,0,,,
335984,2,Delhi Daredevils,Rajasthan Royals,2,4,G Gambhir,MM Patel,S Dhawan,1,0,1,,0,,,
335984,2,Delhi Daredevils,Rajasthan Royals,2,5,S Dhawan,MM Patel,G Gambhir,0,0,0,,0,,,
335984,2,Delhi Daredevils,Rajasthan Royals,2,6,S Dhawan,MM Patel,G Gambhir,0,0,0,,0,,,
335984,2,Delhi Daredevils,Rajasthan Royals,3,1,G Gambhir,SR Watson,S Dhawan,1,0,1,,0,,,
335984,2,Delhi Daredevils,Rajasthan Royals,3,2,S Dhawan,SR Watson,G Gambhir,0,0,0,,0,,,
335984,2,Delhi Daredevils,Rajasthan Royals,3,3,S Dhawan,SR Watson,G Gambhir,4,0,4,,0,,,
335984,2,Delhi Daredevils,Rajasthan Royals,3,4,S Dhawan,SR Watson,G Gambhir,1,0,1,,0,,,
335984,2,Delhi Daredevils,Rajasthan Royals,3,5,G Gambhir,SR Watson,S Dhawan,4,0,4,,0,,,
335984,2,Delhi Daredevils,Rajasthan Royals,3,6,G Gambhir,SR Watson,S Dhawan,0,0,0,,0,,,
335984,2,Delhi Daredevils,Rajasthan Royals,4,1,S Dhawan,MM Patel,G Gambhir,0,0,0,,0,,,
335984,2,Delhi Daredevils,Rajasthan Royals,4,2,S Dhawan,MM Patel,G Gambhir,1,0,1,,0,,,
335984,2,Delhi Daredevils,Rajasthan Royals,4,3,G Gambhir,MM Patel,S Dhawan,6,0,6,,0,,,
335984,2,Delhi Daredevils,Rajasthan Royals,4,4,G Gambhir,MM Patel,S Dhawan,4,0,4,,0,,,
335984,2,Delhi Daredevils,Rajasthan Royals,4,5,G Gambhir,MM Patel,S Dhawan,0,0,0,,0,,,
335984,2,Delhi Daredevils,Rajasthan Royals,4,6,G Gambhir,MM Patel,S Dhawan,1,0,1,,0,,,
335984,2,Delhi Daredevils,Rajasthan Royals,5,1,G Gambhir,SK Trivedi,S Dhawan,0,0,0,,0,,,
335984,2,Delhi Daredevils,Rajasthan Royals,5,2,G Gambhir,SK Trivedi,S Dhawan,0,1,1,wides,0,,,
335984,2,Delhi Daredevils,Rajasthan Royals,5,3,G Gambhir,SK Trivedi,S Dhawan,1,0,1,,0,,,
335984,2,Delhi Daredevils,Rajasthan Royals,5,4,S Dhawan,SK Trivedi,G Gambhir,0,0,0,,0,,,
335984,2,Delhi Daredevils,Rajasthan Royals,5,5,S Dhawan,SK Trivedi,G Gambhir,4,0,4,,0,,,
335984,2,Delhi Daredevils,Rajasthan Royals,5,6,S Dhawan,SK Trivedi,G Gambhir,1,0,1,,0,,,
335984,2,Delhi Daredevils,Rajasthan Royals,5,7,G Gambhir,SK Trivedi,S Dhawan,0,0,0,,0,,,
335984,2,Delhi Daredevils,Rajasthan Royals,6,1,S Dhawan,SR Watson,G Gambhir,1,0,1,,0,,,
335984,2,Delhi Daredevils,Rajasthan Royals,6,2,G Gambhir,SR Watson,S Dhawan,1,0,1,,0,,,
335984,2,Delhi Daredevils,Rajasthan Royals,6,3,S Dhawan,SR Watson,G Gambhir,0,0,0,,0,,,
335984,2,Delhi Daredevils,Rajasthan Royals,6,4,S Dhawan,SR Watson,G Gambhir,0,0,0,,0,,,
335984,2,Delhi Daredevils,Rajasthan Royals,6,5,S Dhawan,SR Watson,G Gambhir,1,0,1,,0,,,
335984,2,Delhi Daredevils,Rajasthan Royals,6,6,G Gambhir,SR Watson,S Dhawan,1,0,1,,0,,,
335984,2,Delhi Daredevils,Rajasthan Royals,7,1,G Gambhir,SK Trivedi,S Dhawan,1,0,1,,0,,,
335984,2,Delhi Daredevils,Rajasthan Royals,7,2,S Dhawan,SK Trivedi,G Gambhir,4,0,4,,0,,,
335984,2,Delhi Daredevils,Rajasthan Royals,7,3,S Dhawan,SK Trivedi,G Gambhir,0,1,1,wides,0,,,
335984,2,Delhi Daredevils,Rajasthan Royals,7,4,S Dhawan,SK Trivedi,G Gambhir,0,0,0,,0,,,
335984,2,Delhi Daredevils,Rajasthan Royals,7,5,S Dhawan,SK Trivedi,G Gambhir,4,0,4,,0,,,
335984,2,Delhi Daredevils,Rajasthan Royals,7,6,S Dhawan,SK Trivedi,G Gambhir,2,0,2,,0,,,
335984,2,Delhi Daredevils,Rajasthan Royals,7,7,S Dhawan,SK Trivedi,G Gambhir,0,0,0,,0,,,
335984,2,Delhi Daredevils,Rajasthan Royals,8,1,G Gambhir,SK Warne,S Dhawan,0,0,0,,0,,,
335984,2,Delhi Daredevils,Rajasthan Royals,8,2,G Gambhir,SK Warne,S Dhawan,1,0,1,,0,,,
335984,2,Delhi Daredevils,Rajasthan Royals,8,3,S Dhawan,SK Warne,G Gambhir,4,0,4,,0,,,
335984,2,Delhi Daredevils,Rajasthan Royals,8,4,S Dhawan,SK Warne,G Gambhir,0,0,0,,0,,,
335984,2,Delhi Daredevils,Rajasthan Royals,8,5,S Dhawan,SK Warne,G Gambhir,1,0,1,,0,,,
335984,2,Delhi Daredevils,Rajasthan Royals,8,6,G Gambhir,SK Warne,S Dhawan,1,0,1,,0,,,
335984,2,Delhi Daredevils,Rajasthan Royals,9,1,G Gambhir,YK Pathan,S Dhawan,0,0,0,,0,,,
335984,2,Delhi Daredevils,Rajasthan Royals,9,2,G Gambhir,YK Pathan,S Dhawan,0,1,1,wides,0,,,
335984,2,Delhi Daredevils,Rajasthan Royals,9,3,G Gambhir,YK Pathan,S Dhawan,4,0,4,,0,,,
335984,2,Delhi Daredevils,Rajasthan Royals,9,4,G Gambhir,YK Pathan,S Dhawan,1,0,1,,0,,,
335984,2,Delhi Daredevils,Rajasthan Royals,9,5,S Dhawan,YK Pathan,G Gambhir,1,0,1,,0,,,
335984,2,Delhi Daredevils,Rajasthan Royals,9,6,G Gambhir,YK Pathan,S Dhawan,0,0,0,,0,,,
335984,2,Delhi Daredevils,Rajasthan Royals,9,7,G Gambhir,YK Pathan,S Dhawan,1,0,1,,0,,,
335984,2,Delhi Daredevils,Rajasthan Royals,10,1,G Gambhir,SK Warne,S Dhawan,1,0,1,,0,,,
335984,2,Delhi Daredevils,Rajasthan Royals,10,2,S Dhawan,SK Warne,G Gambhir,1,0,1,,0,,,
335984,2,Delhi Daredevils,Rajasthan Royals,10,3,G Gambhir,SK Warne,S Dhawan,4,0,4,,0,,,
335984,2,Delhi Daredevils,Rajasthan Royals,10,4,G Gambhir,SK Warne,S Dhawan,1,0,1,,0,,,
335984,2,Delhi Daredevils,Rajasthan Royals,10,5,S Dhawan,SK Warne,G Gambhir,1,0,1,,0,,,
335984,2,Delhi Daredevils,Rajasthan Royals,10,6,G Gambhir,SK Warne,S Dhawan,1,0,1,,0,,,
335984,2,Delhi Daredevils,Rajasthan Royals,11,1,G Gambhir,YK Pathan,S Dhawan,1,0,1,,0,,,
335984,2,Delhi Daredevils,Rajasthan Royals,11,2,S Dhawan,YK Pathan,G Gambhir,1,0,1,,0,,,
335984,2,Delhi Daredevils,Rajasthan Royals,11,3,G Gambhir,YK Pathan,S Dhawan,2,0,2,,0,,,
335984,2,Delhi Daredevils,Rajasthan Royals,11,4,G Gambhir,YK Pathan,S Dhawan,1,0,1,,0,,,
335984,2,Delhi Daredevils,Rajasthan Royals,11,5,S Dhawan,YK Pathan,G Gambhir,0,0,0,,0,,,
335984,2,Delhi Daredevils,Rajasthan Royals,11,6,S Dhawan,YK Pathan,G Gambhir,0,0,0,,0,,,
335984,2,Delhi Daredevils,Rajasthan Royals,12,1,G Gambhir,D Salunkhe,S Dhawan,1,0,1,,0,,,
335984,2,Delhi Daredevils,Rajasthan Royals,12,2,S Dhawan,D Salunkhe,G Gambhir,1,0,1,,0,,,
335984,2,Delhi Daredevils,Rajasthan Royals,12,3,G Gambhir,D Salunkhe,S Dhawan,1,0,1,,0,,,
335984,2,Delhi Daredevils,Rajasthan Royals,12,4,S Dhawan,D Salunkhe,G Gambhir,1,0,1,,0,,,
335984,2,Delhi Daredevils,Rajasthan Royals,12,5,G Gambhir,D Salunkhe,S Dhawan,1,0,1,,0,,,
335984,2,Delhi Daredevils,Rajasthan Royals,12,6,S Dhawan,D Salunkhe,G Gambhir,0,5,5,wides,0,,,
335984,2,Delhi Daredevils,Rajasthan Royals,12,7,S Dhawan,D Salunkhe,G Gambhir,1,0,1,,0,,,
335984,2,Delhi Daredevils,Rajasthan Royals,13,1,S Dhawan,SR Watson,G Gambhir,1,0,1,,0,,,
335984,2,Delhi Daredevils,Rajasthan Royals,13,2,G Gambhir,SR Watson,S Dhawan,0,0,0,,0,,,
335984,2,Delhi Daredevils,Rajasthan Royals,13,3,G Gambhir,SR Watson,S Dhawan,1,0,1,,0,,,
335984,2,Delhi Daredevils,Rajasthan Royals,13,4,S Dhawan,SR Watson,G Gambhir,1,0,1,,0,,,
335984,2,Delhi Daredevils,Rajasthan Royals,13,5,G Gambhir,SR Watson,S Dhawan,1,0,1,,0,,,
335984,2,Delhi Daredevils,Rajasthan Royals,13,6,S Dhawan,SR Watson,G Gambhir,0,0,0,,0,,,
335984,2,Delhi Daredevils,Rajasthan Royals,14,1,G Gambhir,SK Trivedi,S Dhawan,0,1,1,wides,0,,,
335984,2,Delhi Daredevils,Rajasthan Royals,14,2,G Gambhir,SK Trivedi,S Dhawan,1,0,1,,0,,,
335984,2,Delhi Daredevils,Rajasthan Royals,14,3,S Dhawan,SK Trivedi,G Gambhir,4,0,4,,0,,,
335984,2,Delhi Daredevils,Rajasthan Royals,14,4,S Dhawan,SK Trivedi,G Gambhir,2,0,2,,0,,,
335984,2,Delhi Daredevils,Rajasthan Royals,14,5,S Dhawan,SK Trivedi,G Gambhir,4,0,4,,0,,,
335984,2,Delhi Daredevils,Rajasthan Royals,14,6,S Dhawan,SK Trivedi,G Gambhir,1,0,1,,0,,,
335984,2,Delhi Daredevils,Rajasthan Royals,14,7,G Gambhir,SK Trivedi,S Dhawan,0,0,0,,0,,,
335984,2,Delhi Daredevils,Rajasthan Royals,15,1,S Dhawan,YK Pathan,G Gambhir,4,0,4,,0,,,
335985,1,Mumbai Indians,Royal Challengers Bangalore,0,1,L Ronchi,P Kumar,ST Jayasuriya,0,0,0,,0,,,
335985,1,Mumbai Indians,Royal Challengers Bangalore,0,2,L Ronchi,P Kumar,ST Jayasuriya,4,0,4,,0,,,
335985,1,Mumbai Indians,Royal Challengers Bangalore,0,3,L Ronchi,P Kumar,ST Jayasuriya,0,0,0,,0,,,
335985,1,Mumbai Indians,Royal Challengers Bangalore,0,4,L Ronchi,P Kumar,ST Jayasuriya,0,0,0,,0,,,
335985,1,Mumbai Indians,Royal Challengers Bangalore,0,5,L Ronchi,P Kumar,ST Jayasuriya,4,0,4,,0,,,
335985,1,Mumbai Indians,Royal Challengers Bangalore,0,6,L Ronchi,P Kumar,ST Jayasuriya,0,0,0,,0,,,
335985,1,Mumbai Indians,Royal Challengers Bangalore,1,1,ST Jayasuriya,Z Khan,L Ronchi,1,0,1,,0,,,
335985,1,Mumbai Indians,Royal Challengers Bangalore,1,2,L Ronchi,Z Khan,ST Jayasuriya,0,0,0,,0,,,
335985,1,Mumbai Indians,Royal Challengers Bangalore,1,3,L Ronchi,Z Khan,ST Jayasuriya,0,0,0,,0,,,
335985,1,Mumbai Indians,Royal Challengers Bangalore,1,4,L Ronchi,Z Khan,ST Jayasuriya,0,0,0,,0,,,
335985,1,Mumbai Indians,Royal Challengers Bangalore,1,5,L Ronchi,Z Khan,ST Jayasuriya,0,0,0,,1,L Ronchi,caught,V Kohli
335985,1,Mumbai Indians,Royal Challengers Bangalore,1,6,DJ Thornely,Z Khan,ST Jayasuriya,0,4,4,legbyes,0,,,
335985,1,Mumbai Indians,Royal Challengers Bangalore,2,1,ST Jayasuriya,P Kumar,DJ Thornely,0,0,0,,0,,,
335985,1,Mumbai Indians,Royal Challengers Bangalore,2,2,ST Jayasuriya,P Kumar,DJ Thornely,4,0,4,,0,,,
335985,1,Mumbai Indians,Royal Challengers Bangalore,2,3,ST Jayasuriya,P Kumar,DJ Thornely,0,0,0,,0,,,
335985,1,Mumbai Indians,Royal Challengers Bangalore,2,4,ST Jayasuriya,P Kumar,DJ Thornely,1,0,1,,0,,,
335985,1,Mumbai Indians,Royal Challengers Bangalore,2,5,DJ Thornely,P Kumar,ST Jayasuriya,0,0,0,,0,,,
335985,1,Mumbai Indians,Royal Challengers Bangalore,2,6,DJ Thornely,P Kumar,ST Jayasuriya,0,1,1,wides,0,,,
335985,1,Mumbai Indians,Royal Challengers Bangalore,2,7,DJ Thornely,P Kumar,ST Jayasuriya,0,0,0,,0,,,
335985,1,Mumbai Indians,Royal Challengers Bangalore,3,1,ST Jayasuriya,Z Khan,DJ Thornely,0,0,0,,0,,,
335985,1,Mumbai Indians,Royal Challengers Bangalore,3,2,ST Jayasuriya,Z Khan,DJ Thornely,1,0,1,,0,,,
335985,1,Mumbai Indians,Royal Challengers Bangalore,3,3,DJ Thornely,Z Khan,ST Jayasuriya,0,0,0,,0,,,
335985,1,Mumbai Indians,Royal Challengers Bangalore,3,4,DJ Thornely,Z Khan,ST Jayasuriya,0,0,0,,1,DJ Thornely,retired hurt,
335985,1,Mumbai Indians,Royal Challengers Bangalore,3,5,RV Uthappa,Z Khan,ST Jayasuriya,2,0,2,,0,,,
335985,1,Mumbai Indians,Royal Challengers Bangalore,3,6,RV Uthappa,Z Khan,ST Jayasuriya,0,0,0,,0,,,
335985,1,Mumbai Indians,Royal Challengers Bangalore,4,1,ST Jayasuriya,JH Kallis,RV Uthappa,0,1,1,wides,0,,,
335985,1,Mumbai Indians,Royal Challengers Bangalore,4,2,ST Jayasuriya,JH Kallis,RV Uthappa,4,0,4,,0,,,
335985,1,Mumbai Indians,Royal Challengers Bangalore,4,3,ST Jayasuriya,JH Kallis,RV Uthappa,4,0,4,,0,,,
335985,1,Mumbai Indians,Royal Challengers Bangalore,4,4,ST Jayasuriya,JH Kallis,RV Uthappa,0,0,0,,0,,,
335985,1,Mumbai Indians,Royal Challengers Bangalore,4,5,ST Jayasuriya,JH Kallis,RV Uthappa,4,0,4,,0,,,
335985,1,Mumbai Indians,Royal Challengers Bangalore,4,6,ST Jayasuriya,JH Kallis,RV Uthappa,0,0,0,,0,,,
335985,1,Mumbai Indians,Royal Challengers Bangalore,4,7,ST Jayasuriya,JH Kallis,RV Uthappa,6,0,6,,0,,,
335985,1,Mumbai Indians,Royal Challengers Bangalore,5,1,RV Uthappa,Z Khan,ST Jayasuriya,1,0,1,,0,,,
335985,1,Mumbai Indians,Royal Challengers Bangalore,5,2,ST Jayasuriya,Z Khan,RV Uthappa,4,0,4,,0,,,
335985,1,Mumbai Indians,Royal Challengers Bangalore,5,3,ST Jayasuriya,Z Khan,RV Uthappa,0,0,0,,0,,,
335985,1,Mumbai Indians,Royal Challengers Bangalore,5,4,ST Jayasuriya,Z Khan,RV Uthappa,0,0,0,,1,ST Jayasuriya,run out,Z Khan
335985,1,Mumbai Indians,Royal Challengers Bangalore,5,5,RV Uthappa,Z Khan,PR Shah,1,0,1,,0,,,
335985,1,Mumbai Indians,Royal Challengers Bangalore,5,6,PR Shah,Z Khan,RV Uthappa,0,0,0,,0,,,
335985,1,Mumbai Indians,Royal Challengers Bangalore,6,1,RV Uthappa,R Vinay Kumar,PR Shah,1,0,1,,0,,,
335985,1,Mumbai Indians,Royal Challengers Bangalore,6,2,PR Shah,R Vinay Kumar,RV Uthappa,0,0,0,,0,,,
335985,1,Mumbai Indians,Royal Challengers Bangalore,6,3,PR Shah,R Vinay Kumar,RV Uthappa,1,0,1,,0,,,
335985,1,Mumbai Indians,Royal Challengers Bangalore,6,4,RV Uthappa,R Vinay Kumar,PR Shah,4,0,4,,0,,,
335985,1,Mumbai Indians,Royal Challengers Bangalore,6,5,RV Uthappa,R Vinay Kumar,PR Shah,1,0,1,,0,,,
335985,1,Mumbai Indians,Royal Challengers Bangalore,6,6,PR Shah,R Vinay Kumar,RV Uthappa,0,0,0,,0,,,
335985,1,Mumbai Indians,Royal Challengers Bangalore,7,1,RV Uthappa,B Akhil,PR Shah,0,0,0,,0,,,
335985,1,Mumbai Indians,Royal Challengers Bangalore,7,2,RV Uthappa,B Akhil,PR Shah,1,0,1,,0,,,
335985,1,Mumbai Indians,Royal Challengers Bangalore,7,3,PR Shah,B Akhil,RV Uthappa,1,0,1,,0,,,
335985,1,Mumbai Indians,Royal Challengers Bangalore,7,4,RV Uthappa,B Akhil,PR Shah,1,0,1,,0,,,
335985,1,Mumbai Indians,Royal Challengers Bangalore,7,5,PR Shah,B Akhil,RV Uthappa,1,0,1,,0,,,
335985,1,Mumbai Indians,Royal Challengers Bangalore,7,6,RV Uthappa,B Akhil,PR Shah,2,0,2,,0,,,
335985,1,Mumbai Indians,Royal Challengers Bangalore,8,1,PR Shah,JH Kallis,RV Uthappa,0,1,1,legbyes,0,,,
335985,1,Mumbai Indians,Royal Challengers Bangalore,8,2,RV Uthappa,JH Kallis,PR Shah,1,0,1,,0,,,
335985,1,Mumbai Indians,Royal Challengers Bangalore,8,3,PR Shah,JH Kallis,RV Uthappa,1,0,1,,0,,,
335985,1,Mumbai Indians,Royal Challengers Bangalore,8,4,RV Uthappa,JH Kallis,PR Shah,4,0,4,,0,,,
335985,1,Mumbai Indians,Royal Challengers Bangalore,8,5,RV Uthappa,JH Kallis,PR Shah,1,0,1,,0,,,
335985,1,Mumbai Indians,Royal Challengers Bangalore,8,6,PR Shah,JH Kallis,RV Uthappa,4,0,4,,0,,,
335985,1,Mumbai Indians,Royal Challengers Bangalore,9,1,RV Uthappa,R Vinay Kumar,PR Shah,0,0,0,,0,,,
335985,1,Mumbai Indians,Royal Challengers Bangalore,9,2,RV Uthappa,R Vinay Kumar,PR Shah,1,0,1,,0,,,
335985,1,Mumbai Indians,Royal Challengers Bangalore,9,3,PR Shah,R Vinay Kumar,RV Uthappa,0,0,0,,0,,,
335985,1,Mumbai Indians,Royal Challengers Bangalore,9,4,PR Shah,R Vinay Kumar,RV Uthappa,0,1,1,legbyes,0,,,
335985,1,Mumbai Indians,Royal Challengers Bangalore,9,5,RV Uthappa,R Vinay Kumar,PR Shah,0,0,0,,0,,,
335985,1,Mumbai Indians,Royal Challengers Bangalore,9,6,RV Uthappa,R Vinay Kumar,PR Shah,0,0,0,,0,,,
335985,1,Mumbai Indians,Royal Challengers Bangalore,10,1,PR Shah,SB Joshi,RV Uthappa,1,0,1,,0,,,
335985,1,Mumbai Indians,Royal Challengers Bangalore,10,2,RV Uthappa,SB Joshi,PR Shah,1,0,1,,0,,,
335985,1,Mumbai Indians,Royal Challengers Bangalore,10,3,PR Shah,SB Joshi,RV Uthappa,4,0,4,,0,,,
335985,1,Mumbai Indians,Royal Challengers Bangalore,10,4,PR Shah,SB Joshi,RV Uthappa,1,0,1,,0,,,
335985,1,Mumbai Indians,Royal Challengers Bangalore,10,5,RV Uthappa,SB Joshi,PR Shah,0,0,0,,0,,,
335985,1,Mumbai Indians,Royal Challengers Bangalore,10,6,RV Uthappa,SB Joshi,PR Shah,0,0,0,,0,,,
335985,1,Mumbai Indians,Royal Challengers Bangalore,11,1,PR Shah,R Vinay Kumar,RV Uthappa,0,0,0,,0,,,
335985,1,Mumbai Indians,Royal Challengers Bangalore,11,2,PR Shah,R Vinay Kumar,RV Uthappa,2,0,2,,0,,,
335985,1,Mumbai Indians,Royal Challengers Bangalore,11,3,PR Shah,R Vinay Kumar,RV Uthappa,1,0,1,,0,,,
335985,1,Mumbai Indians,Royal Challengers Bangalore,11,4,RV Uthappa,R Vinay Kumar,PR Shah,0,0,0,,0,,,
335985,1,Mumbai Indians,Royal Challengers Bangalore,11,5,RV Uthappa,R Vinay Kumar,PR Shah,4,0,4,,0,,,
335985,1,Mumbai Indians,Royal Challengers Bangalore,11,6,RV Uthappa,R Vinay Kumar,PR Shah,6,0,6,,0,,,
335985,1,Mumbai Indians,Royal Challengers Bangalore,12,1,PR Shah,SB Joshi,RV Uthappa,0,0,0,,0,,,
335985,1,Mumbai Indians,Royal Challengers Bangalore,12,2,PR Shah,SB Joshi,RV Uthappa,1,0,1,,0,,,
335985,1,Mumbai Indians,Royal Challengers Bangalore,12,3,RV Uthappa,SB Joshi,PR Shah,0,0,0,,0,,,
335985,1,Mumbai Indians,Royal Challengers Bangalore,12,4,RV Uthappa,SB Joshi,PR Shah,0,0,0,,0,,,
335985,1,Mumbai Indians,Royal Challengers Bangalore,12,5,RV Uthappa,SB Joshi,PR Shah,1,0,1,,0,,,
335985,1,Mumbai Indians,Royal Challengers Bangalore,12,6,PR Shah,SB Joshi,RV Uthappa,1,0,1,,0,,,
335985,1,Mumbai Indians,Royal Challengers Bangalore,13,1,PR Shah,B Akhil,RV Uthappa,0,0,0,,0,,,
335985,1,Mumbai Indians,Royal Challengers Bangalore,13,2,PR Shah,B Akhil,RV Uthappa,0,0,0,,0,,,
335985,1,Mumbai Indians,Royal Challengers Bangalore,13,3,PR Shah,B Akhil,RV Uthappa,0,0,0,,1,PR Shah,caught,V Kohli
335985,1,Mumbai Indians,Royal Challengers Bangalore,13,4,RV Uthappa,B Akhil,AM Nayar,1,0,1,,0,,,
335985,1,Mumbai Indians,Royal Challengers Bangalore,13,5,AM Nayar,B Akhil,RV Uthappa,0,0,0,,0,,,
335985,1,Mumbai Indians,Royal Challengers Bangalore,13,6,AM Nayar,B Akhil,RV Uthappa,0,1,1,byes,0,,,
335985,1,Mumbai Indians,Royal Challengers Bangalore,14,1,AM Nayar,P Kumar,RV Uthappa,1,0,1,,0,,,
335985,1,Mumbai Indians,Royal Challengers Bangalore,14,2,RV Uthappa,P Kumar,AM Nayar,1,0,1,,0,,,
335985,1,Mumbai Indians,Royal Challengers Bangalore,14,3,AM Nayar,P Kumar,RV Uthappa,1,0,1,,0,,,
335985,1,Mumbai Indians,Royal Challengers Bangalore,14,4,RV Uthappa,P Kumar,AM Nayar,0,0,0,,0,,,
335985,1,Mumbai Indians,Royal Challengers Bangalore,14,5,RV Uthappa,P Kumar,AM Nayar,2,0,2,,0,,,
335985,1,Mumbai Indians,Royal Challengers Bangalore,14,6,RV Uthappa,P Kumar,AM Nayar,1,0,1,,0,,,
335985,1,Mumbai Indians,Royal Challengers Bangalore,15,1,RV Uthappa,JH Kallis,AM Nayar,1,0,1,,0,,,
335985,1,Mumbai Indians,Royal Challengers Bangalore,15,2,AM Nayar,JH Kallis,RV Uthappa,1,0,1,,0,,,
335985,1,Mumbai Indians,Royal Challengers Bangalore,15,3,RV Uthappa,JH Kallis,AM Nayar,1,0,1,,0,,,
335985,1,Mumbai Indians,Royal Challengers Bangalore,15,4,AM Nayar,JH Kallis,RV Uthappa,0,1,1,wides,0,,,
335985,1,Mumbai Indians,Royal Challengers Bangalore,15,5,AM Nayar,JH Kallis,RV Uthappa,1,0,1,,0,,,
335985,1,Mumbai Indians,Royal Challengers Bangalore,15,6,RV Uthappa,JH Kallis,AM Nayar,4,0,4,,0,,,
335985,1,Mumbai Indians,Royal Challengers Bangalore,15,7,RV Uthappa,JH Kallis,AM Nayar,4,0,4,,0,,,
335985,1,Mumbai Indians,Royal Challengers Bangalore,16,1,AM Nayar,B Akhil,RV Uthappa,1,0,1,,0,,,
335985,1,Mumbai Indians,Royal Challengers Bangalore,16,2,RV Uthappa,B Akhil,AM Nayar,0,1,1,byes,0,,,
335985,1,Mumbai Indians,Royal Challengers Bangalore,16,3,AM Nayar,B Akhil,RV Uthappa,4,0,4,,0,,,
335985,1,Mumbai Indians,Royal Challengers Bangalore,16,4,AM Nayar,B Akhil,RV Uthappa,1,0,1,,0,,,
335985,1,Mumbai Indians,Royal Challengers Bangalore,16,5,RV Uthappa,B Akhil,AM Nayar,0,0,0,,1,RV Uthappa,stumped,MV Boucher
335985,1,Mumbai Indians,Royal Challengers Bangalore,16,6,SM Pollock,B Akhil,AM Nayar,4,0,4,,0,,,
335985,1,Mumbai Indians,Royal Challengers Bangalore,17,1,AM Nayar,R Vinay Kumar,SM Pollock,2,0,2,,0,,,
335985,1,Mumbai Indians,Royal Challengers Bangalore,17,2,AM Nayar,R Vinay Kumar,SM Pollock,6,0,6,,0,,,
335985,1,Mumbai Indians,Royal Challengers Bangalore,17,3,AM Nayar,R Vinay Kumar,SM Pollock,1,0,1,,0,,,
335985,1,Mumbai Indians,Royal Challengers Bangalore,17,4,SM Pollock,R Vinay Kumar,AM Nayar,4,0,4,,0,,,
335985,1,Mumbai Indians,Royal Challengers Bangalore,17,5,SM Pollock,R Vinay Kumar,AM Nayar,6,0,6,,0,,,
335985,1,Mumbai Indians,Royal Challengers Bangalore,17,6,SM Pollock,R Vinay Kumar,AM Nayar,1,0,1,,0,,,
335985,1,Mumbai Indians,Royal Challengers Bangalore,18,1,SM Pollock,P Kumar,AM Nayar,1,0,1,,0,,,
335985,1,Mumbai Indians,Royal Challengers Bangalore,18,2,AM Nayar,P Kumar,SM Pollock,1,0,1,,0,,,
335985,1,Mumbai Indians,Royal Challengers Bangalore,18,3,SM Pollock,P Kumar,AM Nayar,0,0,0,,0,,,
335985,1,Mumbai Indians,Royal Challengers Bangalore,18,4,SM Pollock,P Kumar,AM Nayar,1,0,1,,0,,,
335985,1,Mumbai Indians,Royal Challengers Bangalore,18,5,AM Nayar,P Kumar,SM Pollock,0,0,0,,1,AM Nayar,caught,Z Khan
335985,1,Mumbai Indians,Royal Challengers Bangalore,18,6,SM Pollock,P Kumar,Harbhajan Singh,6,0,6,,0,,,
335985,1,Mumbai Indians,Royal Challengers Bangalore,19,1,Harbhajan Singh,Z Khan,SM Pollock,1,0,1,,0,,,
335985,1,Mumbai Indians,Royal Challengers Bangalore,19,2,SM Pollock,Z Khan,Harbhajan Singh,0,0,0,,0,,,
335985,1,Mumbai Indians,Royal Challengers Bangalore,19,3,SM Pollock,Z Khan,Harbhajan Singh,4,0,4,,0,,,
335985,1,Mumbai Indians,Royal Challengers Bangalore,19,4,SM Pollock,Z Khan,Harbhajan Singh,1,0,1,,0,,,
335985,1,Mumbai Indians,Royal Challengers Bangalore,19,5,Harbhajan Singh,Z Khan,SM Pollock,1,0,1,,0,,,
335985,1,Mumbai Indians,Royal Challengers Bangalore,19,6,SM Pollock,Z Khan,Harbhajan Singh,0,0,0,,1,SM Pollock,bowled,
335985,2,Royal Challengers Bangalore,Mumbai Indians,0,1,S Chanderpaul,A Nehra,R Dravid,0,0,0,,0,,,
335985,2,Royal Challengers Bangalore,Mumbai Indians,0,2,S Chanderpaul,A Nehra,R Dravid,1,0,1,,0,,,
335985,2,Royal Challengers Bangalore,Mumbai Indians,0,3,R Dravid,A Nehra,S Chanderpaul,0,0,0,,0,,,
335985,2,Royal Challengers Bangalore,Mumbai Indians,0,4,R Dravid,A Nehra,S Chanderpaul,1,0,1,,0,,,
335985,2,Royal Challengers Bangalore,Mumbai Indians,0,5,S Chanderpaul,A Nehra,R Dravid,4,0,4,,0,,,
335985,2,Royal Challengers Bangalore,Mumbai Indians,0,6,S Chanderpaul,A Nehra,R Dravid,4,0,4,,0,,,
335985,2,Royal Challengers Bangalore,Mumbai Indians,1,1,R Dravid,SM Pollock,S Chanderpaul,0,0,0,,0,,,
335985,2,Royal Challengers Bangalore,Mumbai Indians,1,2,R Dravid,SM Pollock,S Chanderpaul,0,0,0,,0,,,
335985,2,Royal Challengers Bangalore,Mumbai Indians,1,3,R Dravid,SM Pollock,S Chanderpaul,0,0,0,,0,,,
335985,2,Royal Challengers Bangalore,Mumbai Indians,1,4,R Dravid,SM Pollock,S Chanderpaul,0,0,0,,0,,,
335985,2,Royal Challengers Bangalore,Mumbai Indians,1,5,R Dravid,SM Pollock,S Chanderpaul,0,0,0,,0,,,
335985,2,Royal Challengers Bangalore,Mumbai Indians,1,6,R Dravid,SM Pollock,S Chanderpaul,1,0,1,,0,,,
335985,2,Royal Challengers Bangalore,Mumbai Indians,2,1,R Dravid,A Nehra,S Chanderpaul,0,0,0,,0,,,
335985,2,Royal Challengers Bangalore,Mumbai Indians,2,2,R Dravid,A Nehra,S Chanderpaul,4,0,4,,0,,,
335985,2,Royal Challengers Bangalore,Mumbai Indians,2,3,R Dravid,A Nehra,S Chanderpaul,1,0,1,,0,,,
335985,2,Royal Challengers Bangalore,Mumbai Indians,2,4,S Chanderpaul,A Nehra,R Dravid,1,0,1,,0,,,
335985,2,Royal Challengers Bangalore,Mumbai Indians,2,5,R Dravid,A Nehra,S Chanderpaul,4,0,4,,0,,,
335985,2,Royal Challengers Bangalore,Mumbai Indians,2,6,R Dravid,A Nehra,S Chanderpaul,1,0,1,,0,,,
335985,2,Royal Challengers Bangalore,Mumbai Indians,3,1,R Dravid,SM Pollock,S Chanderpaul,0,0,0,,0,,,
335985,2,Royal Challengers Bangalore,Mumbai Indians,3,2,R Dravid,SM Pollock,S Chanderpaul,1,0,1,,0,,,
335985,2,Royal Challengers Bangalore,Mumbai Indians,3,3,S Chanderpaul,SM Pollock,R Dravid,1,0,1,,0,,,
335985,2,Royal Challengers Bangalore,Mumbai Indians,3,4,R Dravid,SM Pollock,S Chanderpaul,1,0,1,,0,,,
335985,2,Royal Challengers Bangalore,Mumbai Indians,3,5,S Chanderpaul,SM Pollock,R Dravid,1,0,1,,0,,,
335985,2,Royal Challengers Bangalore,Mumbai Indians,3,6,R Dravid,SM Pollock,S Chanderpaul,1,0,1,,0,,,
335985,2,Royal Challengers Bangalore,Mumbai Indians,4,1,R Dravid,DS Kulkarni,S Chanderpaul,4,0,4,,0,,,
335985,2,Royal Challengers Bangalore,Mumbai Indians,4,2,R Dravid,DS Kulkarni,S Chanderpaul,1,0,1,,0,,,
335985,2,Royal Challengers Bangalore,Mumbai Indians,4,3,S Chanderpaul,DS Kulkarni,R Dravid,4,0,4,,0,,,
335985,2,Royal Challengers Bangalore,Mumbai Indians,4,4,S Chanderpaul,DS Kulkarni,R Dravid,0,0,0,,0,,,
335985,2,Royal Challengers Bangalore,Mumbai Indians,4,5,S Chanderpaul,DS Kulkarni,R Dravid,0,1,1,wides,0,,,
335985,2,Royal Challengers Bangalore,Mumbai Indians,4,6,S Chanderpaul,DS Kulkarni,R Dravid,0,0,0,,0,,,
335985,2,Royal Challengers Bangalore,Mumbai Indians,4,7,S Chanderpaul,DS Kulkarni,R Dravid,0,0,0,,1,S Chanderpaul,caught,AM Nayar
335985,2,Royal Challengers Bangalore,Mumbai Indians,5,1,LRPL Taylor,SM Pollock,R Dravid,1,0,1,,0,,,
335985,2,Royal Challengers Bangalore,Mumbai Indians,5,2,R Dravid,SM Pollock,LRPL Taylor,0,0,0,,0,,,
335985,2,Royal Challengers Bangalore,Mumbai Indians,5,3,R Dravid,SM Pollock,LRPL Taylor,0,0,0,,0,,,
335985,2,Royal Challengers Bangalore,Mumbai Indians,5,4,R Dravid,SM Pollock,LRPL Taylor,1,0,1,,0,,,
335985,2,Royal Challengers Bangalore,Mumbai Indians,5,5,LRPL Taylor,SM Pollock,R Dravid,1,0,1,,0,,,
335985,2,Royal Challengers Bangalore,Mumbai Indians,5,6,R Dravid,SM Pollock,LRPL Taylor,0,0,0,,0,,,
335985,2,Royal Challengers Bangalore,Mumbai Indians,6,1,LRPL Taylor,DS Kulkarni,R Dravid,1,0,1,,0,,,
335985,2,Royal Challengers Bangalore,Mumbai Indians,6,2,R Dravid,DS Kulkarni,LRPL Taylor,0,0,0,,0,,,
335985,2,Royal Challengers Bangalore,Mumbai Indians,6,3,R Dravid,DS Kulkarni,LRPL Taylor,4,0,4,,0,,,
335985,2,Royal Challengers Bangalore,Mumbai Indians,6,4,R Dravid,DS Kulkarni,LRPL Taylor,0,0,0,,0,,,
335985,2,Royal Challengers Bangalore,Mumbai Indians,6,5,R Dravid,DS Kulkarni,LRPL Taylor,0,0,0,,0,,,
335985,2,Royal Challengers Bangalore,Mumbai Indians,6,6,R Dravid,DS Kulkarni,LRPL Taylor,1,0,1,,0,,,
335985,2,Royal Challengers Bangalore,Mumbai Indians,7,1,R Dravid,ST Jayasuriya,LRPL Taylor,2,0,2,,0,,,
335985,2,Royal Challengers Bangalore,Mumbai Indians,7,2,R Dravid,ST Jayasuriya,LRPL Taylor,1,0,1,,0,,,
335985,2,Royal Challengers Bangalore,Mumbai Indians,7,3,LRPL Taylor,ST Jayasuriya,R Dravid,1,0,1,,0,,,
335985,2,Royal Challengers Bangalore,Mumbai Indians,7,4,R Dravid,ST Jayasuriya,LRPL Taylor,1,0,1,,0,,,
335985,2,Royal Challengers Bangalore,Mumbai Indians,7,5,LRPL Taylor,ST Jayasuriya,R Dravid,1,0,1,,0,,,
335985,2,Royal Challengers Bangalore,Mumbai Indians,7,6,R Dravid,ST Jayasuriya,LRPL Taylor,2,0,2,,0,,,
335985,2,Royal Challengers Bangalore,Mumbai Indians,8,1,LRPL Taylor,Harbhajan Singh,R Dravid,6,0,6,,0,,,
335985,2,Royal Challengers Bangalore,Mumbai Indians,8,2,LRPL Taylor,Harbhajan Singh,R Dravid,6,0,6,,0,,,
335985,2,Royal Challengers Bangalore,Mumbai Indians,8,3,LRPL Taylor,Harbhajan Singh,R Dravid,0,1,1,wides,0,,,
335985,2,Royal Challengers Bangalore,Mumbai Indians,8,4,LRPL Taylor,Harbhajan Singh,R Dravid,0,0,0,,0,,,
335985,2,Royal Challengers Bangalore,Mumbai Indians,8,5,LRPL Taylor,Harbhajan Singh,R Dravid,1,0,1,,0,,,
335985,2,Royal Challengers Bangalore,Mumbai Indians,8,6,R Dravid,Harbhajan Singh,LRPL Taylor,0,0,0,,1,R Dravid,caught and bowled,
335985,2,Royal Challengers Bangalore,Mumbai Indians,8,7,JH Kallis,Harbhajan Singh,LRPL Taylor,1,0,1,,0,,,
335985,2,Royal Challengers Bangalore,Mumbai Indians,9,1,JH Kallis,ST Jayasuriya,LRPL Taylor,1,0,1,,0,,,
335985,2,Royal Challengers Bangalore,Mumbai Indians,9,2,LRPL Taylor,ST Jayasuriya,JH Kallis,4,0,4,,0,,,
335985,2,Royal Challengers Bangalore,Mumbai Indians,9,3,LRPL Taylor,ST Jayasuriya,JH Kallis,1,0,1,,0,,,
335985,2,Royal Challengers Bangalore,Mumbai Indians,9,4,JH Kallis,ST Jayasuriya,LRPL Taylor,0,0,0,,0,,,
335985,2,Royal Challengers Bangalore,Mumbai Indians,9,5,JH Kallis,ST Jayasuriya,LRPL Taylor,1,0,1,,0,,,
335985,2,Royal Challengers Bangalore,Mumbai Indians,9,6,LRPL Taylor,ST Jayasuriya,JH Kallis,0,0,0,,1,LRPL Taylor,caught,AM Nayar
335985,2,Royal Challengers Bangalore,Mumbai Indians,10,1,V Kohli,Harbhajan Singh,JH Kallis,1,0,1,,0,,,
335985,2,Royal Challengers Bangalore,Mumbai Indians,10,2,JH Kallis,Harbhajan Singh,V Kohli,1,0,1,,0,,,
335985,2,Royal Challengers Bangalore,Mumbai Indians,10,3,V Kohli,Harbhajan Singh,JH Kallis,0,0,0,,0,,,
335985,2,Royal Challengers Bangalore,Mumbai Indians,10,4,V Kohli,Harbhajan Singh,JH Kallis,1,0,1,,0,,,
335985,2,Royal Challengers Bangalore,Mumbai Indians,10,5,JH Kallis,Harbhajan Singh,V Kohli,0,0,0,,0,,,
335985,2,Royal Challengers Bangalore,Mumbai Indians,10,6,JH Kallis,Harbhajan Singh,V Kohli,1,0,1,,0,,,
335985,2,Royal Challengers Bangalore,Mumbai Indians,11,1,JH Kallis,ST Jayasuriya,V Kohli,1,0,1,,0,,,
335985,2,Royal Challengers Bangalore,Mumbai Indians,11,2,V Kohli,ST Jayasuriya,JH Kallis,4,0,4,,0,,,
335985,2,Royal Challengers Bangalore,Mumbai Indians,11,3,V Kohli,ST Jayasuriya,JH Kallis,1,0,1,,0,,,
335985,2,Royal Challengers Bangalore,Mumbai Indians,11,4,JH Kallis,ST Jayasuriya,V Kohli,1,0,1,,0,,,
335985,2,Royal Challengers Bangalore,Mumbai Indians,11,5,V Kohli,ST Jayasuriya,JH Kallis,6,0,6,,0,,,
335985,2,Royal Challengers Bangalore,Mumbai Indians,11,6,V Kohli,ST Jayasuriya,JH Kallis,1,0,1,,0,,,
335985,2,Royal Challengers Bangalore,Mumbai Indians,12,1,V Kohli,AM Nayar,JH Kallis,0,0,0,,0,,,
335985,2,Royal Challengers Bangalore,Mumbai Indians,12,2,V Kohli,AM Nayar,JH Kallis,4,0,4,,0,,,
335985,2,Royal Challengers Bangalore,Mumbai Indians,12,3,V Kohli,AM Nayar,JH Kallis,4,0,4,,0,,,
335985,2,Royal Challengers Bangalore,Mumbai Indians,12,4,V Kohli,AM Nayar,JH Kallis,0,0,0,,0,,,
335985,2,Royal Challengers Bangalore,Mumbai Indians,12,5,V Kohli,AM Nayar,JH Kallis,1,0,1,,0,,,
335985,2,Royal Challengers Bangalore,Mumbai Indians,12,6,JH Kallis,AM Nayar,V Kohli,1,0,1,,0,,,
335985,2,Royal Challengers Bangalore,Mumbai Indians,13,1,JH Kallis,A Nehra,V Kohli,1,0,1,,0,,,
335985,2,Royal Challengers Bangalore,Mumbai Indians,13,2,V Kohli,A Nehra,JH Kallis,0,1,1,wides,0,,,
335985,2,Royal Challengers Bangalore,Mumbai Indians,13,3,V Kohli,A Nehra,JH Kallis,0,0,0,,0,,,
335985,2,Royal Challengers Bangalore,Mumbai Indians,13,4,V Kohli,A Nehra,JH Kallis,0,0,0,,1,V Kohli,caught,L Ronchi
335985,2,Royal Challengers Bangalore,Mumbai Indians,13,5,MV Boucher,A Nehra,JH Kallis,0,0,0,,0,,,
335985,2,Royal Challengers Bangalore,Mumbai Indians,13,6,MV Boucher,A Nehra,JH Kallis,0,1,1,wides,0,,,
335985,2,Royal Challengers Bangalore,Mumbai Indians,13,7,MV Boucher,A Nehra,JH Kallis,0,0,0,,0,,,
335985,2,Royal Challengers Bangalore,Mumbai Indians,13,8,MV Boucher,A Nehra,JH Kallis,2,0,2,,0,,,
335985,2,Royal Challengers Bangalore,Mumbai Indians,14,1,JH Kallis,Harbhajan Singh,MV Boucher,1,0,1,,0,,,
335985,2,Royal Challengers Bangalore,Mumbai Indians,14,2,MV Boucher,Harbhajan Singh,JH Kallis,1,0,1,,0,,,
335985,2,Royal Challengers Bangalore,Mumbai Indians,14,3,JH Kallis,Harbhajan Singh,MV Boucher,1,0,1,,0,,,
335985,2,Royal Challengers Bangalore,Mumbai Indians,14,4,MV Boucher,Harbhajan Singh,JH Kallis,4,0,4,,0,,,
335985,2,Royal Challengers Bangalore,Mumbai Indians,14,5,MV Boucher,Harbhajan Singh,JH Kallis,1,0,1,,0,,,
335985,2,Royal Challengers Bangalore,Mumbai Indians,14,6,JH Kallis,Harbhajan Singh,MV Boucher,1,0,1,,0,,,
335985,2,Royal Challengers Bangalore,Mumbai Indians,15,1,JH Kallis,SM Pollock,MV Boucher,1,0,1,,0,,,
335985,2,Royal Challengers Bangalore,Mumbai Indians,15,2,MV Boucher,SM Pollock,JH Kallis,4,0,4,,0,,,
335985,2,Royal Challengers Bangalore,Mumbai Indians,15,3,MV Boucher,SM Pollock,JH Kallis,1,0,1,,0,,,
335985,2,Royal Challengers Bangalore,Mumbai Indians,15,4,JH Kallis,SM Pollock,MV Boucher,0,0,0,,0,,,
335985,2,Royal Challengers Bangalore,Mumbai Indians,15,5,JH Kallis,SM Pollock,MV Boucher,1,0,1,,0,,,
335985,2,Royal Challengers Bangalore,Mumbai Indians,15,6,MV Boucher,SM Pollock,JH Kallis,1,0,1,,0,,,
335985,2,Royal Challengers Bangalore,Mumbai Indians,16,1,MV Boucher,ST Jayasuriya,JH Kallis,6,0,6,,0,,,
335985,2,Royal Challengers Bangalore,Mumbai Indians,16,2,MV Boucher,ST Jayasuriya,JH Kallis,1,0,1,,0,,,
335985,2,Royal Challengers Bangalore,Mumbai Indians,16,3,JH Kallis,ST Jayasuriya,MV Boucher,1,0,1,,0,,,
335985,2,Royal Challengers Bangalore,Mumbai Indians,16,4,MV Boucher,ST Jayasuriya,JH Kallis,1,0,1,,0,,,
335985,2,Royal Challengers Bangalore,Mumbai Indians,16,5,JH Kallis,ST Jayasuriya,MV Boucher,1,0,1,,0,,,
335985,2,Royal Challengers Bangalore,Mumbai Indians,16,6,MV Boucher,ST Jayasuriya,JH Kallis,0,0,0,,0,,,
335985,2,Royal Challengers Bangalore,Mumbai Indians,17,1,JH Kallis,A Nehra,MV Boucher,6,0,6,,0,,,
335985,2,Royal Challengers Bangalore,Mumbai Indians,17,2,JH Kallis,A Nehra,MV Boucher,1,0,1,,0,,,
335985,2,Royal Challengers Bangalore,Mumbai Indians,17,3,MV Boucher,A Nehra,JH Kallis,1,0,1,,0,,,
335985,2,Royal Challengers Bangalore,Mumbai Indians,17,4,JH Kallis,A Nehra,MV Boucher,1,0,1,,0,,,
335985,2,Royal Challengers Bangalore,Mumbai Indians,17,5,MV Boucher,A Nehra,JH Kallis,4,0,4,,0,,,
335985,2,Royal Challengers Bangalore,Mumbai Indians,17,6,MV Boucher,A Nehra,JH Kallis,6,0,6,,0,,,
335985,2,Royal Challengers Bangalore,Mumbai Indians,18,1,JH Kallis,Harbhajan Singh,MV Boucher,1,0,1,,0,,,
335985,2,Royal Challengers Bangalore,Mumbai Indians,18,2,MV Boucher,Harbhajan Singh,JH Kallis,4,0,4,,0,,,
335985,2,Royal Challengers Bangalore,Mumbai Indians,18,3,MV Boucher,Harbhajan Singh,JH Kallis,1,0,1,,0,,,
335985,2,Royal Challengers Bangalore,Mumbai Indians,18,4,JH Kallis,Harbhajan Singh,MV Boucher,0,0,0,,1,JH Kallis,caught,AM Nayar
335985,2,Royal Challengers Bangalore,Mumbai Indians,18,5,B Akhil,Harbhajan Singh,MV Boucher,2,0,2,,0,,,
335985,2,Royal Challengers Bangalore,Mumbai Indians,18,6,B Akhil,Harbhajan Singh,MV Boucher,0,0,0,,0,,,
335985,2,Royal Challengers Bangalore,Mumbai Indians,19,1,MV Boucher,DS Kulkarni,B Akhil,1,0,1,,0,,,
335985,2,Royal Challengers Bangalore,Mumbai Indians,19,2,B Akhil,DS Kulkarni,MV Boucher,0,1,1,wides,0,,,
335985,2,Royal Challengers Bangalore,Mumbai Indians,19,3,B Akhil,DS Kulkarni,MV Boucher,0,0,0,,0,,,
335985,2,Royal Challengers Bangalore,Mumbai Indians,19,4,B Akhil,DS Kulkarni,MV Boucher,0,0,0,,0,,,
335985,2,Royal Challengers Bangalore,Mumbai Indians,19,5,B Akhil,DS Kulkarni,MV Boucher,1,0,1,,0,,,
335986,1,Deccan Chargers,Kolkata Knight Riders,0,1,AC Gilchrist,AB Dinda,Y Venugopal Rao,1,0,1,,0,,,
335986,1,Deccan Chargers,Kolkata Knight Riders,0,2,Y Venugopal Rao,AB Dinda,AC Gilchrist,0,1,1,noballs,0,,,
335986,1,Deccan Chargers,Kolkata Knight Riders,0,3,Y Venugopal Rao,AB Dinda,AC Gilchrist,2,0,2,,0,,,
335986,1,Deccan Chargers,Kolkata Knight Riders,0,4,Y Venugopal Rao,AB Dinda,AC Gilchrist,0,0,0,,0,,,
335986,1,Deccan Chargers,Kolkata Knight Riders,0,5,Y Venugopal Rao,AB Dinda,AC Gilchrist,0,0,0,,0,,,
335986,1,Deccan Chargers,Kolkata Knight Riders,0,6,Y Venugopal Rao,AB Dinda,AC Gilchrist,0,0,0,,0,,,
335986,1,Deccan Chargers,Kolkata Knight Riders,0,7,Y Venugopal Rao,AB Dinda,AC Gilchrist,5,0,5,,0,,,
335986,1,Deccan Chargers,Kolkata Knight Riders,1,1,Y Venugopal Rao,I Sharma,AC Gilchrist,0,1,1,legbyes,0,,,
335986,1,Deccan Chargers,Kolkata Knight Riders,1,2,AC Gilchrist,I Sharma,Y Venugopal Rao,1,0,1,,0,,,
335986,1,Deccan Chargers,Kolkata Knight Riders,1,3,Y Venugopal Rao,I Sharma,AC Gilchrist,0,0,0,,0,,,
335986,1,Deccan Chargers,Kolkata Knight Riders,1,4,Y Venugopal Rao,I Sharma,AC Gilchrist,1,0,1,,0,,,
335986,1,Deccan Chargers,Kolkata Knight Riders,1,5,AC Gilchrist,I Sharma,Y Venugopal Rao,0,1,1,wides,0,,,
335986,1,Deccan Chargers,Kolkata Knight Riders,1,6,AC Gilchrist,I Sharma,Y Venugopal Rao,0,0,0,,0,,,
335986,1,Deccan Chargers,Kolkata Knight Riders,1,7,AC Gilchrist,I Sharma,Y Venugopal Rao,0,1,1,wides,0,,,
335986,1,Deccan Chargers,Kolkata Knight Riders,1,8,AC Gilchrist,I Sharma,Y Venugopal Rao,0,0,0,,0,,,
335986,1,Deccan Chargers,Kolkata Knight Riders,2,1,Y Venugopal Rao,AB Dinda,AC Gilchrist,1,0,1,,0,,,
335986,1,Deccan Chargers,Kolkata Knight Riders,2,2,AC Gilchrist,AB Dinda,Y Venugopal Rao,0,0,0,,0,,,
335986,1,Deccan Chargers,Kolkata Knight Riders,2,3,AC Gilchrist,AB Dinda,Y Venugopal Rao,0,0,0,,0,,,
335986,1,Deccan Chargers,Kolkata Knight Riders,2,4,AC Gilchrist,AB Dinda,Y Venugopal Rao,1,0,1,,0,,,
335986,1,Deccan Chargers,Kolkata Knight Riders,2,5,Y Venugopal Rao,AB Dinda,AC Gilchrist,4,0,4,,0,,,
335986,1,Deccan Chargers,Kolkata Knight Riders,2,6,Y Venugopal Rao,AB Dinda,AC Gilchrist,1,0,1,,0,,,
335986,1,Deccan Chargers,Kolkata Knight Riders,3,1,Y Venugopal Rao,I Sharma,AC Gilchrist,0,0,0,,0,,,
335986,1,Deccan Chargers,Kolkata Knight Riders,3,2,Y Venugopal Rao,I Sharma,AC Gilchrist,0,0,0,,1,Y Venugopal Rao,caught,M Kartik
335986,1,Deccan Chargers,Kolkata Knight Riders,3,3,VVS Laxman,I Sharma,AC Gilchrist,0,0,0,,0,,,
335986,1,Deccan Chargers,Kolkata Knight Riders,3,4,VVS Laxman,I Sharma,AC Gilchrist,0,0,0,,0,,,
335986,1,Deccan Chargers,Kolkata Knight Riders,3,5,VVS Laxman,I Sharma,AC Gilchrist,0,0,0,,0,,,
335986,1,Deccan Chargers,Kolkata Knight Riders,3,6,VVS Laxman,I Sharma,AC Gilchrist,0,0,0,,0,,,
335986,1,Deccan Chargers,Kolkata Knight Riders,4,1,AC Gilchrist,AB Dinda,VVS Laxman,1,0,1,,0,,,
335986,1,Deccan Chargers,Kolkata Knight Riders,4,2,VVS Laxman,AB Dinda,AC Gilchrist,0,0,0,,0,,,
335986,1,Deccan Chargers,Kolkata Knight Riders,4,3,VVS Laxman,AB Dinda,AC Gilchrist,0,0,0,,1,VVS Laxman,caught,LR Shukla
335986,1,Deccan Chargers,Kolkata Knight Riders,4,4,AC Gilchrist,AB Dinda,A Symonds,1,0,1,,0,,,
335986,1,Deccan Chargers,Kolkata Knight Riders,4,5,A Symonds,AB Dinda,AC Gilchrist,0,0,0,,0,,,
335986,1,Deccan Chargers,Kolkata Knight Riders,4,6,A Symonds,AB Dinda,AC Gilchrist,0,0,0,,0,,,
335986,1,Deccan Chargers,Kolkata Knight Riders,5,1,AC Gilchrist,AB Agarkar,A Symonds,6,0,6,,0,,,
335986,1,Deccan Chargers,Kolkata Knight Riders,5,2,AC Gilchrist,AB Agarkar,A Symonds,0,0,0,,0,,,
335986,1,Deccan Chargers,Kolkata Knight Riders,5,3,AC Gilchrist,AB Agarkar,A Symonds,6,0,6,,0,,,
335986,1,Deccan Chargers,Kolkata Knight Riders,5,4,AC Gilchrist,AB Agarkar,A Symonds,4,0,4,,0,,,
335986,1,Deccan Chargers,Kolkata Knight Riders,5,5,AC Gilchrist,AB Agarkar,A Symonds,0,0,0,,0,,,
335986,1,Deccan Chargers,Kolkata Knight Riders,5,6,AC Gilchrist,AB Agarkar,A Symonds,0,0,0,,0,,,
335986,1,Deccan Chargers,Kolkata Knight Riders,6,1,A Symonds,M Kartik,AC Gilchrist,1,0,1,,0,,,
335986,1,Deccan Chargers,Kolkata Knight Riders,6,2,AC Gilchrist,M Kartik,A Symonds,0,0,0,,0,,,
335986,1,Deccan Chargers,Kolkata Knight Riders,6,3,AC Gilchrist,M Kartik,A Symonds,1,0,1,,0,,,
335986,1,Deccan Chargers,Kolkata Knight Riders,6,4,A Symonds,M Kartik,AC Gilchrist,4,0,4,,0,,,
335986,1,Deccan Chargers,Kolkata Knight Riders,6,5,A Symonds,M Kartik,AC Gilchrist,0,0,0,,0,,,
335986,1,Deccan Chargers,Kolkata Knight Riders,6,6,A Symonds,M Kartik,AC Gilchrist,0,0,0,,0,,,
335986,1,Deccan Chargers,Kolkata Knight Riders,7,1,AC Gilchrist,Mohammad Hafeez,A Symonds,0,0,0,,0,,,
335986,1,Deccan Chargers,Kolkata Knight Riders,7,2,AC Gilchrist,Mohammad Hafeez,A Symonds,0,1,1,noballs,0,,,
335986,1,Deccan Chargers,Kolkata Knight Riders,7,3,AC Gilchrist,Mohammad Hafeez,A Symonds,0,0,0,,0,,,
335986,1,Deccan Chargers,Kolkata Knight Riders,7,4,AC Gilchrist,Mohammad Hafeez,A Symonds,1,0,1,,0,,,
335986,1,Deccan Chargers,Kolkata Knight Riders,7,5,A Symonds,Mohammad Hafeez,AC Gilchrist,0,0,0,,0,,,
335986,1,Deccan Chargers,Kolkata Knight Riders,7,6,A Symonds,Mohammad Hafeez,AC Gilchrist,0,0,0,,0,,,
335986,1,Deccan Chargers,Kolkata Knight Riders,7,7,A Symonds,Mohammad Hafeez,AC Gilchrist,0,0,0,,0,,,
335986,1,Deccan Chargers,Kolkata Knight Riders,8,1,AC Gilchrist,M Kartik,A Symonds,0,0,0,,1,AC Gilchrist,caught,Mohammad Hafeez
335986,1,Deccan Chargers,Kolkata Knight Riders,8,2,RG Sharma,M Kartik,A Symonds,0,0,0,,0,,,
335986,1,Deccan Chargers,Kolkata Knight Riders,8,3,RG Sharma,M Kartik,A Symonds,0,0,0,,0,,,
335986,1,Deccan Chargers,Kolkata Knight Riders,8,4,RG Sharma,M Kartik,A Symonds,0,0,0,,1,RG Sharma,caught,WP Saha
335986,1,Deccan Chargers,Kolkata Knight Riders,8,5,SB Styris,M Kartik,A Symonds,0,0,0,,0,,,
335986,1,Deccan Chargers,Kolkata Knight Riders,8,6,SB Styris,M Kartik,A Symonds,1,0,1,,0,,,
335986,1,Deccan Chargers,Kolkata Knight Riders,9,1,SB Styris,Mohammad Hafeez,A Symonds,1,0,1,,0,,,
335986,1,Deccan Chargers,Kolkata Knight Riders,9,2,A Symonds,Mohammad Hafeez,SB Styris,1,0,1,,0,,,
335986,1,Deccan Chargers,Kolkata Knight Riders,9,3,SB Styris,Mohammad Hafeez,A Symonds,0,1,1,legbyes,0,,,
335986,1,Deccan Chargers,Kolkata Knight Riders,9,4,A Symonds,Mohammad Hafeez,SB Styris,0,0,0,,0,,,
